0;0.1495169997215271 -0.8732460141181946
1;0.34528398513793945 -0.7205299735069275
2;0.4142250120639801 -0.6614800095558167
3;0.3438299894332886 -0.6923140287399292
4;0.3633190095424652 -0.6928960084915161
5;0.400844007730484 -0.7071490287780762
6;0.15242500603199005 -0.796451985836029
7;0.2533639967441559 -0.8037239909172058
8;-0.06225010007619858 -0.7062770128250122
9;0.13148100674152374 -0.8307769894599915
10;0.3240489959716797 -0.07650359719991684
11;0.16813300549983978 -0.48956501483917236
12;-0.01250819955021143 -0.782489001750946
13;-0.010762900114059448 -0.6216279864311218
14;0.05410519987344742 -0.8825550079345703
15;-0.025307299569249153 -0.6111559867858887
16;0.08610290288925171 -0.7981969714164734
17;0.09104800224304199 -0.7580549716949463
18;0.10904400050640106 -0.8548480272293091
19;0.0951204001903534 -0.3982259929180145
20;0.044505901634693146 -0.8555020093917847
21;2.5260701179504395 -0.23532900214195251
22;-0.142535001039505 -0.4837470054626465
23;-0.06864959746599197 -0.09162980318069458
24;0.053232498466968536 -0.6419900059700012
25;0.1393350064754486 -0.29612401127815247
26;0.6841689944267273 -0.37524598836898804
27;-0.008726649917662144 -0.6699159741401672
28;0.036361001431941986 -0.7208210229873657
29;-0.05090539902448654 -0.755728006362915
30;-0.2722710072994232 -0.4886919856071472
31;-0.07853980362415314 -0.6399539709091187
32;-0.10471999645233154 -0.7563089728355408
33;0.047705698758363724 -0.6902779936790466
34;-0.14922599494457245 -0.7475829720497131
35;-0.10297399759292603 -0.6533349752426147
36;-0.28914299607276917 -0.48956501483917236
37;0.10675600171089172 -0.8069239854812622
38;0.10733799636363983 -0.5526880025863647
39;0.11548300087451935 -0.6332640051841736
40;0.021816600114107132 -0.10762900114059448
41;2.905100107192993 0.38862699270248413
42;-2.979569911956787 0.2501640021800995
43;0.07824890315532684 -0.8884209990501404
44;0.2309650033712387 0.15446199476718903
45;-1.6638799905776978 -0.5233079791069031
46;-2.6177000999450684 -1.0675599575042725
47;-1.0922900438308716 -0.2996149957180023
48;-1.0187499523162842 0.6034479737281799
49;-1.1970100402832031 0.8732460141181946
50;2.4178600311279297 0.6099929809570312
51;2.6709399223327637 0.47938400506973267
52;-1.2243499755859375 0.3531379997730255
53;-1.294160008430481 -0.08203049749135971
54;0.08348490297794342 -0.9130979776382446
55;-1.2220200300216675 -0.21816599369049072
56;3.0502500534057617 0.6434450149536133
57;-1.3459399938583374 0.20972999930381775
58;-1.2005000114440918 0.5730500221252441
59;-1.473639965057373 -0.5873029828071594
60;-1.4012099504470825 -0.45029500126838684
61;-1.1923500299453735 0.9567310214042664
62;-1.2877600193023682 -0.709185004234314
63;0.47996601462364197 -0.7429289817810059
64;0.7749260067939758 -0.7007499933242798
65;2.5438199043273926 0.2946699857711792
66;2.5290799140930176 0.6585710048675537
67;2.0239999294281006 0.557341992855072
68;2.638360023498535 0.5922480225563049
69;0.8813909888267517 -0.4537859857082367
70;2.792530059814453 0.16435199975967407
71;2.0056700706481934 -0.08552110195159912
72;2.2840499877929688 0.21671199798583984
73;2.034759998321533 -0.6990039944648743
74;1.9768799543380737 -0.4046260118484497
75;2.120569944381714 -0.5468699932098389
76;0.5454149842262268 -0.5244709849357605
77;3.097090005874634 0.309796005487442
78;3.116580009460449 0.31474098563194275
79;-2.6110100746154785 0.3063049912452698
80;2.4353199005126953 0.309796005487442
81;2.5339300632476807 0.26965299248695374
82;1.9931700229644775 -0.38978999853134155
83;1.2717599868774414 -0.33306699991226196
84;2.010040044784546 0.1527159959077835
85;2.188930034637451 0.14544400572776794
86;1.861680030822754 0.10704699903726578
87;2.469059944152832 0.5585049986839294
88;0.21352599561214447 -0.7295429706573486
89;2.276779890060425 -0.586139976978302
90;2.3896501064300537 -0.6152290105819702
91;2.363759994506836 -0.6070839762687683
92;2.2537999153137207 -0.6137740015983582
93;2.215399980545044 -0.6547889709472656
94;2.0254499912261963 -0.10355599969625473
95;1.774999976158142 -0.05439610034227371
96;1.9256800413131714 -0.02588910050690174
97;1.0044399499893188 0.35401099920272827
98;2.913249969482422 0.009599310345947742
99;2.569420099258423 0.16464300453662872
100;2.930989980697632 0.5070180296897888
101;3.011270046234131 0.7589269876480103
102;2.9734599590301514 0.8005239963531494
103;3.0601398944854736 0.660897970199585
104;2.679080009460449 0.49160099029541016
105;3.0650899410247803 0.7036589980125427
106;2.112139940261841 -0.2533639967441559
107;1.8125200271606445 -0.02254379913210869
108;0.4913100004196167 0.4581489861011505
109;0.541051983833313 0.31270501017570496
110;1.3936500549316406 -0.12100899964570999
111;1.754349946975708 -0.23998300731182098
112;1.7159500122070312 -0.1419530063867569
113;0.9488769769668579 -0.4270240068435669
114;0.9657490253448486 -0.44069600105285645
115;-0.003199770115315914 -0.89273601770401
116;-0.039560798555612564 -0.931132972240448
117;-1.5315300226211548 -0.7292569875717163
118;-2.756459951400757 -0.3723370134830475
119;-2.7224199771881104 -0.3380120098590851
120;-2.010040044784546 -0.6297730207443237
121;-2.06646990776062 -0.5922480225563049
122;-2.1359899044036865 -0.6565350294113159
123;1.8481299877166748 -0.36714500188827515
124;1.861649990081787 -0.18882499635219574
125;-3.001970052719116 0.24143700301647186
126;0.28507000207901 -0.8415399789810181
127;0.4805470108985901 -0.9401509761810303
128;0.26965299248695374 -0.8203049898147583
129;0.19809499382972717 -0.8249589800834656
130;0.2475460022687912 -0.8418300151824951
131;0.22689299285411835 -0.8342670202255249
132;0.4084070026874542 -0.7452560067176819
133;0.3188129961490631 -0.7429289817810059
134;0.5869640111923218 -0.6087660193443298
135;0.2519089877605438 -0.8738279938697815
136;0.220783993601799 -0.9706940054893494
137;0.4328419864177704 -1.0378899574279785
138;0.4357509911060333 -1.0501099824905396
139;0.15358899533748627 -0.7315840125083923
140;0.10632000118494034 -0.8015419840812683
141;0.08552110195159912 -0.7662000060081482
142;0.16493399441242218 -0.7452560067176819
143;-0.026761699467897415 -0.7586359977722168
144;0.04130610078573227 -0.8214679956436157
145;-0.007853980176150799 -0.8584110140800476
146;0.15358899533748627 -0.742347002029419
147;0.12246400117874146 -0.7600910067558289
148;0.10326500236988068 -0.7952880263328552
149;0.1285730004310608 -0.8392120003700256
150;0.16144299507141113 -0.7257660031318665
151;0.09977470338344574 -0.7883070111274719
152;-0.026179900392889977 -0.8115779757499695
153;-0.06021390110254288 -0.8336859941482544
154;0.25045499205589294 -0.814195990562439
155;0.06923139840364456 -0.7606729865074158
156;-0.02792529948055744 -0.8229230046272278
157;0.0549779012799263 -0.8203049898147583
158;0.1259550005197525 -0.7621269822120667
159;-0.007853980176150799 -0.8083779811859131
160;0.005235990043729544 -0.8130329847335815
161;0.11452300101518631 -0.8070110082626343
162;0.13322700560092926 -0.8470659852027893
163;4.850000095757423e-06 -0.7536669969558716
164;0.10355599969625473 -0.7525280117988586
165;0.024143699556589127 -0.7612540125846863
166;0.2341649979352951 -0.9160069823265076
167;0.1532980054616928 -0.9258970022201538
168;0.12479099631309509 -0.8877909779548645
169;0.24027399718761444 -0.8924450278282166
170;0.11781000345945358 -0.8950629830360413
171;0.19140399992465973 -0.8898270130157471
172;0.17424200475215912 -0.9360780119895935
173;0.169296994805336 -0.9154250025749207
174;0.21671199798583984 -0.8970990180969238
175;0.20565800368785858 -0.8438670039176941
176;0.1934410035610199 -0.8639379739761353
177;0.12420900166034698 -0.8589929938316345
178;0.16056999564170837 -0.8496840000152588
179;0.4214969873428345 -0.620173990726471
180;0.4537859857082367 -0.6748610138893127
181;0.43953201174736023 -0.6166830062866211
182;0.3836820125579834 -0.6475170254707336
183;0.4753110110759735 -0.619592010974884
184;0.4249880015850067 -0.7150030136108398
185;0.35924699902534485 -0.6661339998245239
186;0.4764750003814697 -0.6437360048294067
187;0.4424409866333008 -0.6533349752426147
188;0.4639669954776764 -0.6923140287399292
189;0.4430229961872101 -0.6475170254707336
190;0.3793179988861084 -0.6675879955291748
191;0.36243200302124023 -0.679394006729126
192;0.4907279908657074 -0.6350089907646179
193;0.4694939851760864 -0.6579890251159668
194;0.41015198826789856 -0.6838780045509338
195;0.4447680115699768 -0.6352999806404114
196;0.33568501472473145 -0.8278679847717285
197;0.895645022392273 -0.6227920055389404
198;-0.14806200563907623 -0.904662013053894
199;0.6088290214538574 -0.558214008808136
200;0.19722199440002441 -0.7772529721260071
201;0.24929100275039673 -0.713549017906189
202;0.21613000333309174 -0.7929610013961792
203;2.4489901065826416 -0.6242460012435913
204;0.6280279755592346 -0.5579239726066589
205;0.6193010210990906 -0.5905029773712158
206;0.4200429916381836 -0.9942560195922852
207;0.3746640086174011 -0.7327470183372498
208;-0.29496100544929504 -0.5695589780807495
209;-0.28536099195480347 -0.5771219730377197
210;0.2527819871902466 -0.6259909868240356
211;0.09395690262317657 -0.8979719877243042
212;0.11490099877119064 -0.9273520112037659
213;0.10093799978494644 -0.8886629939079285
214;0.07737629860639572 -0.906699001789093
215;-0.1387539952993393 -0.6460630297660828
216;-0.15940700471401215 -0.6766059994697571
217;-0.15126200020313263 -0.7186880111694336
218;0.45528900623321533 -0.7767199873924255
219;0.6530439853668213 -0.9768509864807129
220;0.5244709849357605 -1.0463199615478516
221;-0.04276059940457344 -0.6428629755973816
222;-0.2373650074005127 -0.5052729845046997
223;-0.24260100722312927 -0.4977099895477295
224;0.023561900481581688 -0.6783509850502014
225;0.06981319934129715 -0.6981319785118103
226;0.019489500671625137 -0.7182030081748962
227;0.20885799825191498 -1.007349967956543
228;0.24580100178718567 -1.0082199573516846
229;0.23329199850559235 -0.9695299863815308
230;0.31279700994491577 -1.0411299467086792
231;0.1667180061340332 -0.8287500143051147
232;0.13089999556541443 -0.8188499808311462
233;0.6323909759521484 -0.5843939781188965
234;0.17860500514507294 -0.6431540250778198
235;0.5704270005226135 -0.6972489953041077
236;0.5029460191726685 -0.7150030136108398
237;0.4741959869861603 -0.6681699752807617
238;0.6105740070343018 -0.8456119894981384
239;0.5317440032958984 -0.8796460032463074
240;0.5343620181083679 -0.8115779757499695
241;-0.03054329939186573 -0.9154250025749207
242;-0.04741479828953743 -0.8968080282211304
243;-0.058468498289585114 -0.9765120148658752
244;-0.07417649775743484 -0.9753479957580566
245;-0.03839720040559769 -0.8589929938316345
246;-0.006399540230631828 -0.905243992805481
247;-0.029670599848031998 -0.9605129957199097
248;0.3577919900417328 -0.782489001750946
249;0.8706279993057251 -0.7048220038414001
250;-1.3497200012207031 -0.46745699644088745
251;-1.3520499467849731 -0.4372049868106842
252;-1.3729900121688843 -0.46309399604797363
253;-1.3005599975585938 -0.4200429916381836
254;-1.299399971961975 -0.6870779991149902
255;-1.338089942932129 -0.6835870146751404
256;-1.3232500553131104 -0.40957099199295044
257;-1.2391799688339233 -0.739437997341156
258;-1.3113199472427368 -0.40578898787498474
259;-1.4125499725341797 -0.6146469712257385
260;-1.47393000125885 -0.6832960247993469
261;-1.4285500049591064 -0.7228569984436035
262;-1.69035005569458 -0.5733889937400818
263;-1.4486199617385864 -0.7400199770927429
264;-1.3991700410842896 -0.4549489915370941
265;-1.285730004310608 -0.36622801423072815
266;-1.3456499576568604 -0.46251198649406433
267;-1.368340015411377 -0.4758929908275604
268;-1.4026600122451782 -0.4796749949455261
269;-1.3924800157546997 -0.6294819712638855
270;-1.4378600120544434 -0.6082469820976257
271;-1.2685600519180298 -0.7289659976959229
272;-1.505929946899414 -0.693477988243103
273;-1.4247699975967407 -0.5308709740638733
274;-1.6507899761199951 -0.6827149987220764
275;-1.6269400119781494 -0.7836530208587646
276;-1.512910008430481 -0.6306459903717041
277;-1.5719599723815918 -0.5227259993553162
278;-1.398010015487671 -0.4657120108604431
279;-1.7005300521850586 -0.6571159958839417
280;-1.3596099615097046 -0.598065972328186
281;1.577489972114563 -0.414806991815567
282;1.5434499979019165 -0.39502599835395813
283;-1.0786099433898926 -0.29757899045944214
284;-1.0381799936294556 -0.22805599868297577
285;0.541051983833313 -0.9148430228233337
286;0.036942798644304276 -0.8630650043487549
287;-0.0631226971745491 -0.6480990052223206
288;-0.019489500671625137 -0.6629340052604675
289;0.07795800268650055 -0.8933179974555969
290;0.09715670347213745 -0.8837180137634277
291;0.05003279820084572 -0.8936089873313904
292;-1.1289399862289429 -0.5649049878120422
293;0.5116720199584961 0.05788680166006088
294;-1.3751699924468994 -0.38440901041030884
295;0.1596979945898056 -0.9727299809455872
296;0.5739219784736633 -0.42033299803733826
297;-0.009599310345947742 -0.8284500241279602
298;0.0630355030298233 -0.8355180025100708
299;0.05829399824142456 -0.8880820274353027
300;0.07737629860639572 -0.8799369931221008
301;-0.07708539813756943 -0.8456119894981384
302;0.029670599848031998 -0.8171049952507019
303;-0.025598200038075447 -0.8665559887886047
304;0.002908879891037941 -0.861611008644104
305;0.16435199975967407 -0.007853980176150799
306;-0.2908880114555359 -0.2330009937286377
307;0.14457100629806519 -0.709185004234314
308;0.31328698992729187 -0.7094759941101074
309;0.6050469875335693 -0.5061450004577637
310;-0.13991700112819672 -0.22049300372600555
311;-1.064650058746338 -0.2545270025730133
312;-0.1666789948940277 -0.5302889943122864
313;-0.06690429896116257 -0.6140649914741516
314;-1.1917699575424194 -0.21176700294017792
315;0.04857829958200455 -0.7324569821357727
316;0.5375609993934631 -0.6443169713020325
317;-0.10326500236988068 -0.952659010887146
318;0.0007563090184703469 -0.8965169787406921
319;-0.03199769929051399 -0.8863360285758972
320;-1.276419997215271 -0.7184939980506897
321;-1.5438899993896484 -0.31895899772644043
322;1.5606199502944946 -0.47880199551582336
323;-1.10247004032135 0.3106690049171448
324;-1.190310001373291 0.28797900676727295
325;-0.4479680061340332 -0.6585710048675537
326;-1.1780999898910522 0.19402199983596802
327;-1.151919960975647 -0.3220129907131195
328;0.32026800513267517 -0.7647449970245361
329;0.4089890122413635 0.34848400950431824
330;-0.8473569750785828 0.4828740060329437
331;-0.8933179974555969 0.524761974811554
332;-0.7548549771308899 0.39851701259613037
333;-0.813614010810852 0.41015198826789856
334;-1.1207900047302246 0.5465790033340454
335;-0.6095370054244995 0.14182299375534058
336;-0.6722429990768433 0.2266020029783249
337;-1.3939399719238281 0.03781550005078316
338;-0.9133890271186829 -0.08610290288925171
339;-0.891281008720398 -0.001163549954071641
340;-1.046910047531128 0.054687000811100006
341;-1.514359951019287 -0.36797401309013367
342;-1.9253900051116943 -0.42091500759124756
343;-1.7293299436569214 -0.3391759991645813
344;-0.6725339889526367 0.06574069708585739
345;-1.006469964981079 0.4409869909286499
346;-0.6143559813499451 0.1018109992146492
347;-0.8048880100250244 0.4046260118484497
348;-2.133080005645752 -0.6582800149917603
349;-1.4198299646377563 -0.49800100922584534
350;-0.9797109961509705 0.6070839762687683
351;-1.1689300537109375 -0.18514999747276306
352;-1.0739599466323853 -0.2839069962501526
353;-1.1266100406646729 -0.3220129907131195
354;-1.0966500043869019 -0.3118320107460022
355;-1.1257400512695312 -0.32288599014282227
356;-1.130679965019226 -0.3092139959335327
357;-1.1338800191879272 -0.3199769854545593
358;0.4313870072364807 -0.7382739782333374
359;0.4856480062007904 -0.7545490264892578
360;0.055268801748752594 -0.7990700006484985
361;0.1329360008239746 -0.906699001789093
362;0.6969680190086365 -0.7583460211753845
363;0.3862999975681305 -1.1440600156784058
364;1.677839994430542 -0.2941359877586365
365;0.16958799958229065 -0.07010409981012344
366;0.20112499594688416 -0.06690909713506699
367;0.23329199850559235 -0.1628970056772232
368;0.17424200475215912 -0.05003279820084572
369;0.24870899319648743 -0.18238699436187744
370;0.2367829978466034 -0.12828199565410614
371;0.262380987405777 -0.21176700294017792
372;0.3208500146865845 -0.1596979945898056
373;0.2661629915237427 0.07417649775743484
374;0.04159700125455856 -0.11082799732685089
375;0.17104199528694153 -0.03316130116581917
376;-0.002908879891037941 -0.09773840010166168
377;-0.3054330050945282 -0.25743600726127625
378;0.26703500747680664 0.07504919916391373
379;-1.3898600339889526 -0.7624660134315491
380;-2.1499500274658203 -0.8584110140800476
381;-0.9523680210113525 -0.8543390035629272
382;-1.2872300148010254 -0.7935429811477661
383;-1.4378600120544434 -0.40171700716018677
384;-1.5553799867630005 -0.23910999298095703
385;0.08872090280056 -0.8249589800834656
386;-1.247040033340454 -0.8159409761428833
387;-1.9899699687957764 -0.8918629884719849
388;-1.0544699430465698 -0.9305509924888611
389;-1.1289399862289429 -0.8048880100250244
390;-1.6970399618148804 -0.8709189891815186
391;-0.00727220019325614 -0.755728006362915
392;-0.9218249917030334 -0.8319399952888489
393;0.01250819955021143 -0.8278679847717285
394;-1.1085699796676636 -0.7833619713783264
395;-1.3206299543380737 -0.7909250259399414
396;-1.986240029335022 -0.9367759823799133
397;-0.9802929759025574 -0.8188499808311462
398;-1.1018799543380737 -0.8077970147132874
399;-1.0797799825668335 -0.8275769948959351
400;-1.0221799612045288 -0.8473569750785828
401;-1.048069953918457 -0.8057600259780884
402;-1.1964199542999268 -1.1126500368118286
403;-1.0736700296401978 -0.1858779937028885
404;-0.03839720040559769 -0.9983279705047607
405;-0.058468498289585114 -0.8970990180969238
406;-0.05963210016489029 -0.8854640126228333
407;-1.7051899433135986 -0.5288349986076355
408;-1.8305599689483643 -0.6940590143203735
409;-1.4288400411605835 -0.4639669954776764
410;-1.5341399908065796 -0.7496190071105957
411;-1.3130700588226318 -0.6960949897766113
412;-1.9553500413894653 -0.5835220217704773
413;-1.3959699869155884 -0.7056949734687805
414;-1.3724100589752197 -0.6242460012435913
415;-2.045229911804199 -0.5713040232658386
416;-2.1278998851776123 -0.6519290208816528
417;-2.13454008102417 -0.828158974647522
418;-1.5740000009536743 -0.6739879846572876
419;-1.4404799938201904 -0.4881100058555603
420;-1.3517600297927856 -0.6798059940338135
421;-0.40055298805236816 -0.29234299063682556
422;-0.2784479856491089 -0.3157249987125397
423;-0.41020599007606506 -0.26049500703811646
424;-1.4201200008392334 -0.3365580141544342
425;0.3601199984550476 -0.10210199654102325
426;0.39793500304222107 -0.08348490297794342
427;0.2754710018634796 -0.07359469681978226
428;0.39357200264930725 -0.1832599937915802
429;0.27285298705101013 -0.10413800179958344
430;0.3836820125579834 -0.11402799934148788
431;0.2775070071220398 -0.08610290288925171
432;0.36041000485420227 -0.14660799503326416
433;0.1253730058670044 -0.16056999564170837
434;0.33248499035835266 -0.014253499917685986
435;0.3639009892940521 -0.24172799289226532
436;0.6768969893455505 -0.15707999467849731
437;0.14864400029182434 -0.21031199395656586
438;0.5683959722518921 -0.2722710072994232
439;-1.2339500188827515 0.5855579972267151
440;-0.95033198595047 0.44825899600982666
441;1.9000799655914307 -0.5977749824523926
442;2.1211600303649902 -0.5206900238990784
443;1.9224799871444702 -0.43953201174736023
444;1.8677899837493896 -0.46542099118232727
445;2.2093000411987305 -0.8031420111656189
446;2.041450023651123 -0.6414089798927307
447;1.793030023574829 -0.436040997505188
448;2.0269100666046143 -0.4249880015850067
449;2.021090030670166 -0.4997459948062897
450;2.0734500885009766 -0.5599600076675415
451;1.8849600553512573 -0.3976440131664276
452;2.0999200344085693 -0.6300640106201172
453;1.9108400344848633 -0.3156140148639679
454;2.0365099906921387 -0.40811601281166077
455;2.155479907989502 -0.7298380136489868
456;1.988219976425171 -0.39357200264930725
457;1.9978200197219849 -0.6640980243682861
458;1.9637900590896606 -0.6617709994316101
459;2.046109914779663 -0.6830059885978699
460;2.0647199153900146 -0.5189449787139893
461;1.5312399864196777 -0.7667809724807739
462;2.1234800815582275 -0.4886919856071472
463;1.9954899549484253 -0.532325029373169
464;2.0615200996398926 -0.4270240068435669
465;2.1176700592041016 -0.6553710103034973
466;1.9280099868774414 -0.3711729943752289
467;1.9780399799346924 -0.3842630088329315
468;2.428040027618408 -0.6623520255088806
469;2.231110095977783 -0.4596030116081238
470;2.2077200412750244 -0.5847679972648621
471;2.22652006149292 -0.6393929719924927
472;2.260200023651123 -0.7443829774856567
473;1.816890001296997 -0.5343620181083679
474;1.858780026435852 -0.5163270235061646
475;1.9204399585723877 -0.3487749993801117
476;-1.347390055656433 -0.12275499850511551
477;-1.3191800117492676 -0.10879199951887131
478;-1.3206299543380737 -0.07883069664239883
479;-1.3052200078964233 -0.18995000422000885
480;-1.3348900079727173 -0.05875939875841141
481;-1.3180099725723267 -0.18238699436187744
482;-1.2659499645233154 -0.1381720006465912
483;-1.3116099834442139 -0.07708539813756943
484;-1.3206299543380737 -0.08872090280056
485;-1.324120044708252 -0.15300700068473816
486;-1.3139400482177734 -0.051196299493312836
487;-1.348270058631897 -0.025598200038075447
488;-1.3220900297164917 -0.08377580344676971
489;-1.2953300476074219 -0.19436199963092804
490;-1.276710033416748 -0.12391799688339233
491;-1.4259300231933594 -0.21962100267410278
492;-1.2714699506759644 -0.08581200242042542
493;0.7903429865837097 0.2234019935131073
494;0.7638720273971558 0.2143850028514862
495;0.7545639872550964 0.2042039930820465
496;0.8295159935951233 0.3303520083427429
497;0.8092510104179382 0.27343499660491943
498;0.9692400097846985 0.3644829988479614
499;0.2801249921321869 -0.026761699467897415
500;0.2074030041694641 0.08406669646501541
501;0.3231770098209381 -0.053232498466968536
502;0.31532299518585205 -0.028216199949383736
503;0.23161999881267548 0.026824699714779854
504;-2.7890400886535645 0.37000998854637146
505;-1.4678200483322144 -0.17336900532245636
506;-1.4910900592803955 -0.18558700382709503
507;-1.5801000595092773 -0.25423601269721985
508;-1.536180019378662 -0.2705259919166565
509;-1.5041799545288086 -0.21176700294017792
510;-1.3881200551986694 -0.1564980000257492
511;0.28041601181030273 -0.7981969714164734
512;0.2844890058040619 -0.7598000168800354
513;-0.03752459958195686 -0.8258320093154907
514;0.24289199709892273 -0.7833619713783264
515;0.2546730041503906 -0.7912160158157349
516;0.2680239975452423 -0.7696509957313538
517;-1.4189499616622925 -0.40375301241874695
518;-1.324120044708252 -0.34848400950431824
519;-1.3305200338363647 -0.3577919900417328
520;-1.311769962310791 -0.3505449891090393
521;0.5843939781188965 -0.6134830117225647
522;0.5657780170440674 -0.6065019965171814
523;0.23503799736499786 -1.036139965057373
524;-0.02298020012676716 -0.9221159815788269
525;-0.028797900304198265 -0.9401509761810303
526;0.021816600114107132 -0.9165890216827393
527;0.2914699912071228 -0.8578289747238159
528;0.31852298974990845 -0.8706279993057251
529;-0.013380900025367737 -0.8389220237731934
530;0.2807070016860962 -1.0230499505996704
531;-0.23765599727630615 -0.16696999967098236
532;0.03781550005078316 -0.23532900214195251
533;0.045669399201869965 -0.16318799555301666
534;0.1457349956035614 -0.9770939946174622
535;0.010471999645233154 -0.7711449861526489
536;0.18035100400447845 -0.9669119715690613
537;0.17046000063419342 -0.9590579867362976
538;0.25743600726127625 -0.9610949754714966
539;-0.12682700157165527 -1.0832699537277222
540;0.1591159999370575 -0.9826200008392334
541;0.35488399863243103 -1.1836199760437012
542;0.14806200563907623 -0.9686579704284668
543;-1.6714600324630737 -0.8534370064735413
544;-1.069890022277832 -0.2711080014705658
545;-1.202530026435852 -0.3214310109615326
546;-1.2333699464797974 -0.3455750048160553
547;-1.1935100555419922 -0.3240489959716797
548;-1.2199900150299072 -0.32230401039123535
549;-1.1717000007629395 -0.318231999874115
550;-1.2339500188827515 -0.3400479853153229
551;-1.3948099613189697 -0.5718860030174255
552;-1.369789958000183 0.002327109919860959
553;0.5910850167274475 -0.4747300148010254
554;0.5707229971885681 -0.44825899600982666
555;0.5983570218086243 -0.4860740005970001
556;0.6792240142822266 -0.26703500747680664
557;0.020653100684285164 -0.8005239963531494
558;0.6088410019874573 -0.5162969827651978
559;0.741765022277832 -0.31794100999832153
560;0.5925390124320984 -0.49741899967193604
561;-1.5411299467086792 -0.3060140013694763
562;-1.515529990196228 -0.2748889923095703
563;-1.5098600387573242 -0.28797900676727295
564;-1.7418400049209595 -0.2929239869117737
565;-1.5172699689865112 -0.35808300971984863
566;0.1532980054616928 -0.0654497966170311
567;0.23881900310516357 -0.07999429851770401
568;0.1527159959077835 0.01250819955021143
569;0.5683959722518921 0.452331006526947
570;0.14544400572776794 -0.08697559684515
571;0.059341199696063995 -0.112574003636837
572;0.12362699955701828 -0.082321397960186
573;0.12944500148296356 -0.02908880077302456
574;0.0014544399455189705 -0.8645200133323669
575;0.36797401309013367 -1.128059983253479
576;0.46629399061203003 -1.0189800262451172
577;0.4290600121021271 -1.1481399536132812
578;0.45087701082229614 -1.161810040473938
579;0.4086979925632477 -1.192929983139038
580;0.4785110056400299 -1.1972999572753906
581;0.5171989798545837 -1.0937399864196777
582;0.4491310119628906 -1.0861799716949463
583;0.4831649959087372 -1.1219600439071655
584;0.4345870018005371 -1.1810100078582764
585;0.4040440022945404 -1.1140999794006348
586;0.48520201444625854 -1.099850058555603
587;0.5119630098342896 -1.1513400077819824
588;0.4913100004196167 -1.0655200481414795
589;0.3473210036754608 -1.0492299795150757
590;0.47501999139785767 -1.0768699645996094
591;0.4427320063114166 -1.1332999467849731
592;0.3804819881916046 -1.0728000402450562
593;0.5044000148773193 -1.080649971961975
594;0.39848798513412476 -1.0942100286483765
595;0.4142250120639801 -1.0728000402450562
596;0.38862699270248413 -1.0562200546264648
597;0.3799000084400177 -1.1004300117492676
598;0.4875290095806122 -1.087339997291565
599;1.2887799739837646 -0.2705259919166565
600;-0.10908299684524536 -0.9325879812240601
601;0.2629629969596863 -0.6539170145988464
602;0.09104800224304199 -1.0524300336837769
603;0.35401099920272827 -1.1135200262069702
604;0.5023639798164368 -0.6408270001411438
605;-1.2010799646377563 -0.7819070219993591
606;0.651298999786377 -0.7836530208587646
607;0.10762900114059448 -0.6204649806022644
608;0.08872090280056 -0.6414089798927307
609;0.10006599873304367 -0.6073750257492065
610;0.16580599546432495 -0.42673298716545105
611;0.06661339849233627 -0.5651959776878357
612;0.03316130116581917 -0.8363040089607239
613;0.07097669690847397 -0.8607379794120789
614;0.028216199949383736 -0.8816819787025452
615;0.0866846963763237 -0.7839440107345581
616;0.02588910050690174 -0.7737630009651184
617;0.021816600114107132 -0.8377580046653748
618;0.059341199696063995 -0.8057600259780884
619;0.009017529897391796 -0.782489001750946
620;0.03989050164818764 -0.7601929903030396
621;0.08930269628763199 -0.82088702917099
622;0.07708539813756943 -0.765326976776123
623;-0.07272209972143173 -0.8371760249137878
624;-0.030252400785684586 -0.8389220237731934
625;0.04392410069704056 -0.7743440270423889
626;0.020653100684285164 -0.8619019985198975
627;0.07853980362415314 -0.7941250205039978
628;0.07039490342140198 -0.8098329901695251
629;0.07080219686031342 -0.8441579937934875
630;0.01250819955021143 -0.7885980010032654
631;-0.8365939855575562 0.27663499116897583
632;0.10593199729919434 -0.8435760140419006
633;0.020071299746632576 -0.8555020093917847
634;0.5227259993553162 -0.5442519783973694
635;0.05003279820084572 -0.7458369731903076
636;-0.04886920005083084 -0.846776008605957
637;0.09308420121669769 -0.8069239854812622
638;-0.04159700125455856 -0.8153600096702576
639;0.10154899954795837 -0.7670429944992065
640;0.040433499962091446 -0.754272997379303
641;0.11949700117111206 -0.8301079869270325
642;-0.04828739911317825 -0.8316490054130554
643;0.03752459958195686 -0.7667809724807739
644;0.041015200316905975 -0.8716170191764832
645;0.08496840298175812 -0.8165289759635925
646;-0.06079560145735741 -0.8508480191230774
647;0.03665189817547798 -0.8508480191230774
648;0.0034906601067632437 -0.7970340251922607
649;0.07650359719991684 -0.7787079811096191
650;0.04217879846692085 -0.7835069894790649
651;0.025598200038075447 -0.7880160212516785
652;0.036361001431941986 -0.8560839891433716
653;0.1157739982008934 -0.7747809886932373
654;0.10515599697828293 -0.7759439945220947
655;0.06574069708585739 -0.786853015422821
656;0.12246400117874146 -0.8316490054130554
657;0.05672319978475571 -0.756600022315979
658;-0.06661339849233627 -0.8482300043106079
659;-0.0895645022392273 -0.8470079898834229
660;0.06210460141301155 -0.8795589804649353
661;0.03403389826416969 -0.8895360231399536
662;0.01876229979097843 -0.779492974281311
663;0.11635500192642212 -0.7941250205039978
664;-0.036361001431941986 -0.8479390144348145
665;-0.024143699556589127 -0.8150690197944641
666;0.11548300087451935 -0.8005239963531494
667;0.11461000144481659 -0.7926700115203857
668;-0.015417099930346012 -0.8214679956436157
669;-0.001455969992093742 -0.8247650265693665
670;-0.005817759782075882 -0.7976149916648865
671;0.10103499889373779 -0.7549520134925842
672;0.07010409981012344 -0.8031420111656189
673;0.04537859931588173 -0.8089600205421448
674;0.12304600328207016 -0.7612540125846863
675;-0.017113899812102318 -0.800940990447998
676;0.09218250215053558 -0.7582870125770569
677;-0.01687150076031685 -0.796451985836029
678;-2.657259941101074 0.2868160009384155
679;0.7534000277519226 -0.20158599317073822
680;0.18995000422000885 -0.8444479703903198
681;0.1832599937915802 -0.9104800224304199
682;0.13031800091266632 -0.8991349935531616
683;0.1221729964017868 -0.8973900079727173
684;0.1660970002412796 -0.8319399952888489
685;0.12653599679470062 -0.8717920184135437
686;0.20798499882221222 -0.8781920075416565
687;0.1469859927892685 -0.8560550212860107
688;0.16377000510692596 -0.8970990180969238
689;0.17715099453926086 -0.9491680264472961
690;0.19693100452423096 -0.8392120003700256
691;0.1527159959077835 -0.9026259779930115
692;0.40113499760627747 -0.6309369802474976
693;-1.0774500370025635 -0.21031199395656586
694;0.3749549984931946 -0.8284500241279602
695;1.345960021018982 -0.49863100051879883
696;-1.9754199981689453 -0.603302001953125
697;-0.16580599546432495 -0.9087349772453308
698;-0.15562500059604645 -0.9197890162467957
699;0.6099929809570312 -0.5157449841499329
700;0.23561899363994598 -0.7615450024604797
701;0.2929239869117737 -0.7179120182991028
702;0.15795199573040009 -0.6850420236587524
703;0.13294999301433563 -0.7772870063781738
704;0.1794780045747757 -0.7464190125465393
705;0.19547699391841888 -0.7644540071487427
706;0.2711080014705658 -0.7228569984436035
707;0.2106029987335205 -0.7714359760284424
708;0.15417100489139557 -0.7752169966697693
709;0.19314999878406525 -0.7461280226707458
710;0.2833249866962433 -0.6789330244064331
711;0.16580599546432495 -0.7132580280303955
712;0.2330009937286377 -0.6652609705924988
713;0.18035100400447845 -0.7819070219993591
714;0.18151399493217468 -0.7624179720878601
715;0.13380900025367737 -0.7862709760665894
716;0.16900600492954254 -0.696677029132843
717;0.21089400351047516 -0.7973250150680542
718;0.6908590197563171 0.07039490342140198
719;0.6446080207824707 0.02298020012676716
720;0.8333950042724609 -0.5148720145225525
721;0.1082099974155426 -0.8659740090370178
722;1.2825299501419067 -0.07330379635095596
723;0.0017453300533816218 -0.28361600637435913
724;-0.22776499390602112 -0.3577919900417328
725;-0.2972779870033264 -0.3653410077095032
726;0.5055639743804932 -0.82088702917099
727;0.12944500148296356 -0.7632910013198853
728;-0.13089999556541443 -0.586139976978302
729;-0.07679449766874313 -0.5576329827308655
730;0.15795199573040009 -0.5422160029411316
731;-0.08697559684515 -0.5939940214157104
732;-0.14020800590515137 -0.5518149733543396
733;-0.05090539902448654 -0.6143559813499451
734;-0.12071900069713593 -0.5395979881286621
735;-0.03054329939186573 -0.6053379774093628
736;1.4896399974822998 -0.4837470054626465
737;0.12013699859380722 -0.9125159978866577
738;0.29117900133132935 -1.1955499649047852
739;0.09250249713659286 -1.037019968032837
740;0.14137199521064758 -1.015779972076416
741;0.436040997505188 -1.222599983215332
742;0.1934410035610199 -1.0506900548934937
743;1.0216000080108643 -0.4124790132045746
744;1.2758400440216064 -0.5867220163345337
745;1.1721099615097046 -0.43468400835990906
746;1.2985199689865112 -0.5503609776496887
747;0.33306699991226196 -0.8810999989509583
748;0.3487749993801117 -0.8761550188064575
749;0.29379698634147644 -0.9148430228233337
750;0.9000080227851868 -0.4409869909286499
751;0.3708820044994354 -0.8057600259780884
752;0.49916398525238037 -0.770563006401062
753;1.3009099960327148 -1.0860600471496582
754;0.875573992729187 -0.45844000577926636
755;0.7647449970245361 -0.45902198553085327
756;0.6931869983673096 -0.4281870126724243
757;-0.29234299063682556 -0.2164209932088852
758;0.3004879951477051 -0.8406670093536377
759;0.32055899500846863 0.5919579863548279
760;-0.1463170051574707 -0.7568910121917725
761;-0.11092600226402283 -0.6391379833221436
762;-0.008353340439498425 -0.6892349720001221
763;0.2239840030670166 -0.9823290109634399
764;0.22369299829006195 -0.9893109798431396
765;0.24580100178718567 -0.9759299755096436
766;0.1564980000257492 -0.8031420111656189
767;0.12828199565410614 -0.8069239854812622
768;0.6498439908027649 -0.6315180063247681
769;0.6588619947433472 0.0654497966170311
770;0.18820500373840332 -0.591376006603241
771;0.18762299418449402 -0.6239550113677979
772;0.4828839898109436 -0.648123025894165
773;0.6588619947433472 -0.8392120003700256
774;-0.03868810087442398 -0.8674290180206299
775;0.027081700041890144 -0.8388929963111877
776;-0.014738299883902073 -0.895887017250061
777;-0.03054329939186573 -0.9037899971008301
778;0.003199770115315914 -0.9110620021820068
779;-0.038979001343250275 -0.8246679902076721
780;-0.02588910050690174 -0.9139710068702698
781;-0.01355540007352829 -0.8961679935455322
782;-0.09337510168552399 -0.6309369802474976
783;-0.04537859931588173 -0.8627740144729614
784;-0.011635500006377697 -0.9410229921340942
785;-0.07068579643964767 -1.0041500329971313
786;-0.05003279820084572 -0.9308419823646545
787;0.023561900481581688 -0.8965169787406921
788;-0.0884300023317337 -0.8796460032463074
789;-0.006690429989248514 -0.8997169733047485
790;-0.02036220021545887 -0.9244430065155029
791;-0.022427499294281006 -0.9032310247421265
792;-0.0049450998194515705 -0.8872089982032776
793;-0.023561900481581688 -0.8892449736595154
794;-0.022689299657940865 -0.952659010887146
795;-1.5140700340270996 -0.5858489871025085
796;-1.6345000267028809 -0.7248929738998413
797;-0.02647080086171627 -0.21554799377918243
798;0.48025599122047424 0.20216700434684753
799;0.4945099949836731 0.2690719962120056
800;-0.8456119894981384 0.024725500494241714
801;-0.9430599808692932 -0.06399539858102798
802;-0.9098979830741882 -0.07534000277519226
803;-0.9430599808692932 -0.09570220112800598
804;-0.9285150170326233 -0.0631226971745491
805;-0.9040809869766235 -0.06806779652833939
806;-1.908810019493103 0.47327500581741333
807;-2.551959991455078 0.25220000743865967
808;-2.549340009689331 0.2519089877605438
809;-2.577270030975342 0.26121801137924194
810;-2.5332000255584717 0.26965299248695374
811;-2.5132699012756348 0.2519089877605438
812;-2.53944993019104 0.30397799611091614
813;-2.541490077972412 0.28507000207901
814;-2.457710027694702 0.3176499903202057
815;-2.507460117340088 0.2894339859485626
816;-2.5365500450134277 0.26325398683547974
817;-2.5598199367523193 0.2679080069065094
818;-2.5604000091552734 0.2748889923095703
819;-2.6485400199890137 0.2868160009384155
820;-2.6360299587249756 0.29117900133132935
821;-2.6150801181793213 0.3054330050945282
822;-2.6433000564575195 0.29176101088523865
823;-2.443459987640381 0.2792530059814453
824;-2.4260098934173584 0.26179900765419006
825;-2.594719886779785 0.2597630023956299
826;-2.471100091934204 0.24725499749183655
827;-2.478369951248169 0.26179900765419006
828;-2.4260098934173584 0.33311501145362854
829;-2.373650074005127 0.3164860010147095
830;-2.3579399585723877 0.3316130042076111
831;-2.4818599224090576 0.27611100673675537
832;-2.409140110015869 0.3150320053100586
833;-2.4172799587249756 0.3633190095424652
834;-2.423099994659424 0.32433998584747314
835;-2.4260098934173584 0.17016999423503876
836;-2.4463698863983154 0.1532980054616928
837;-2.435610055923462 0.1559160053730011
838;-2.4443299770355225 0.16318799555301666
839;-2.5452699661254883 0.26179900765419006
840;-2.6098499298095703 0.29815998673439026
841;-2.6412599086761475 0.39153599739074707
842;-2.608690023422241 0.40811601281166077
843;-1.5649800300598145 -0.3653559982776642
844;-2.706130027770996 -0.3441210091114044
845;0.452331006526947 0.4319689869880676
846;0.1922769993543625 -0.011635500006377697
847;0.200422003865242 -0.036361001431941986
848;0.18820500373840332 0.02094399929046631
849;0.19198599457740784 0.049160100519657135
850;0.17860500514507294 0.01250819955021143
851;0.22194799780845642 0.01454440038651228
852;0.2245659977197647 -0.009890199638903141
853;0.1864590048789978 0.06021390110254288
854;0.2074030041694641 0.03316130116581917
855;0.24347299337387085 -0.01687150076031685
856;0.20187599956989288 -0.013671699911355972
857;0.19198599457740784 0.03926990181207657
858;0.18995000422000885 0.0317067988216877
859;0.2405650019645691 0.01221730001270771
860;0.20216700434684753 -0.027343500405550003
861;0.21176700294017792 -0.03752459958195686
862;0.16173399984836578 0.02792529948055744
863;-0.273144006729126 -0.2074030041694641
864;0.7810350060462952 -0.7286750078201294
865;-1.4233299493789673 -0.3772970139980316
866;0.13729900121688843 -0.8435760140419006
867;0.1443679928779602 -0.8518660068511963
868;0.14806200563907623 -0.8636469841003418
869;0.15126200020313263 -0.8721089959144592
870;0.1870409995317459 -0.9389870166778564
871;0.20938099920749664 -0.9454010128974915
872;-0.39444398880004883 -1.1167199611663818
873;0.11353900283575058 -0.8941609859466553
874;0.12941600382328033 -0.8605930209159851
875;0.21991099417209625 -0.768235981464386
876;-1.3598999977111816 -0.32288599014282227
877;0.998619019985199 -0.8770279884338379
878;1.3444900512695312 -0.756600022315979
879;1.2769999504089355 -0.8697559833526611
880;1.3017200231552124 -0.7478740215301514
881;0.36739200353622437 -0.9759299755096436
882;0.1373869925737381 -0.8388929963111877
883;0.15040899813175201 -0.9273859858512878
884;0.324631005525589 -0.9494590163230896
885;0.23241999745368958 -0.935467004776001
886;1.461709976196289 -0.9314240217208862
887;1.0733799934387207 -0.9651669859886169
888;0.7504919767379761 -0.7737630009651184
889;1.2793300151824951 -0.9593489766120911
890;0.9619669914245605 -0.9037899971008301
891;0.875573992729187 -0.46629399061203003
892;-0.11897300183773041 -0.6786419749259949
893;0.16251899302005768 -0.8924450278282166
894;-0.309796005487442 -0.5006189942359924
895;0.14527000486850739 -0.8734210133552551
896;0.1317719966173172 -0.8630650043487549
897;0.1989700049161911 -0.9360989928245544
898;-0.031415898352861404 -0.756600022315979
899;0.1463170051574707 -0.9058259725570679
900;0.1457349956035614 -0.9584770202636719
901;1.1955499649047852 -0.6719520092010498
902;1.7272900342941284 -0.32812198996543884
903;0.615809977054596 -0.6454809904098511
904;0.619592010974884 -0.6754419803619385
905;1.0189800262451172 -0.6623520255088806
906;0.5942850112915039 -0.7851070165634155
907;0.9669119715690613 -0.4424409866333008
908;0.36739200353622437 -0.7429289817810059
909;0.3653559982776642 -0.6588619947433472
910;0.3986620008945465 -0.6864960193634033
911;-0.9445139765739441 0.5477420091629028
912;0.1719149947166443 -0.9965829849243164
913;0.1783140003681183 -0.9800019860267639
914;0.45291298627853394 -0.7129669785499573
915;0.45890501141548157 -0.6398090124130249
916;0.4628719985485077 -0.6590949892997742
917;0.3714640140533447 -0.7065669894218445
918;0.3810639977455139 -0.7030770182609558
919;0.4677479863166809 -0.6489719748497009
920;0.44069600105285645 -0.696677029132843
921;0.4281870126724243 -0.6408270001411438
922;0.43865901231765747 -0.646934986114502
923;0.4571940004825592 -0.6230829954147339
924;0.4284780025482178 -0.6786419749259949
925;0.43546000123023987 -0.6531649827957153
926;0.4697839915752411 -0.6182199716567993
927;0.5160359740257263 -0.6306459903717041
928;-0.35430198907852173 -1.1461000442504883
929;0.19751299917697906 -0.8107050061225891
930;0.3502289950847626 -0.5605419874191284
931;0.2969970107078552 -0.9506229758262634
932;0.7074400186538696 -1.1268999576568604
933;0.3577919900417328 -0.9549859762191772
934;0.8552110195159912 -0.9738940000534058
935;0.6928960084915161 -0.8261229991912842
936;0.37000998854637146 -0.8485209941864014
937;0.14922599494457245 -0.828158974647522
938;-1.1856600046157837 -0.9352059960365295
939;-1.1001399755477905 -0.31852298974990845
940;-1.1015900373458862 -0.3150320053100586
941;-1.077739953994751 -0.28216201066970825
942;-1.0649399757385254 -0.28507000207901
943;-1.0748300552368164 -0.2769260108470917
944;-1.069309949874878 -0.26819899678230286
945;-1.069599986076355 -0.28361600637435913
946;-1.26187002658844 -0.32433998584747314
947;-1.1053800582885742 -0.3068870007991791
948;-1.0989799499511719 -0.3054330050945282
949;-1.1140999794006348 -0.19140399992465973
950;-1.0163600444793701 -0.11810100078582764
951;2.4556798934936523 -0.7109310030937195
952;-1.2036999464035034 -0.21292999386787415
953;-1.5222200155258179 -0.24521900713443756
954;1.9038599729537964 -0.3749549984931946
955;2.1874799728393555 -0.7664899826049805
956;1.9722199440002441 -0.49160099029541016
957;2.1214499473571777 -0.6800969839096069
958;1.9283000230789185 -0.5084729790687561
959;2.081890106201172 -0.4555310010910034
960;2.0993399620056152 -0.5288349986076355
961;2.0469799041748047 -0.5576329827308655
962;1.979490041732788 -0.6065019965171814
963;2.457710027694702 -0.7289659976959229
964;2.311110019683838 -0.5998110175132751
965;2.4725499153137207 -0.7470009922981262
966;2.1624600887298584 -0.18035100400447845
967;2.19242000579834 -0.12479099631309509
968;1.888159990310669 -0.27983400225639343
969;1.4012099504470825 -0.22834700345993042
970;1.3424500226974487 -0.14777100086212158
971;1.3628100156784058 -0.17162400484085083
972;2.1333699226379395 0.31328698992729187
973;2.1583900451660156 0.17744199931621552
974;1.9672800302505493 0.1259550005197525
975;1.8775800466537476 0.12044200301170349
976;1.7514400482177734 0.016580600291490555
977;1.722350001335144 -0.06225010007619858
978;1.9329500198364258 0.13089999556541443
979;0.9942560195922852 -0.5282530188560486
980;1.0408899784088135 -0.6324880123138428
981;0.8656830191612244 -0.6515899896621704
982;0.9282240271568298 -0.6390810012817383
983;0.918624997138977 -0.5154539942741394
984;0.8072149753570557 -0.665552020072937
985;0.786853015422821 -0.6568260192871094
986;0.7766720056533813 -0.5809040069580078
987;-0.1537970006465912 -0.9409549832344055
988;-0.12372399866580963 -0.9110130071640015
989;0.08344130218029022 -0.9237059950828552
990;0.10655699670314789 -1.091920018196106
991;0.5823580026626587 -1.2036999464035034
992;-0.0529416985809803 -0.9384049773216248
993;-0.0866846963763237 -0.9043710231781006
994;-0.016900600865483284 -0.8948879837989807
995;-1.4180799722671509 -0.5023639798164368
996;0.6018480062484741 -0.541051983833313
997;0.6117380261421204 -0.5724679827690125
998;-0.028652500361204147 -0.7464190125465393
999;-0.06661339849233627 -0.7580549716949463
1000;1.2106800079345703 -0.720238983631134
1001;0.24027399718761444 -0.7970340251922607
1002;0.1908230036497116 -0.7935429811477661
1003;0.21845699846744537 -0.7522370219230652
1004;0.2481279969215393 -0.7411829829216003
1005;0.2010039985179901 -0.7952880263328552
1006;0.14166299998760223 -0.7685269713401794
1007;0.29815998673439026 -0.6806780099868774
1008;0.21874800324440002 -0.6614800095558167
1009;0.273144006729126 -0.6643890142440796
1010;0.20885799825191498 -0.6425719857215881
1011;0.46920299530029297 -0.8133230209350586
1012;0.19634999334812164 -0.7548549771308899
1013;0.5663589835166931 -0.0008726650266908109
1014;-0.09802930057048798 -0.16435199975967407
1015;-0.11635500192642212 -0.0826122984290123
1016;-0.09366600215435028 -0.12042800337076187
1017;-1.3401199579238892 -0.3129960000514984
1018;2.380919933319092 -0.6350089907646179
1019;2.3160500526428223 -0.5902119874954224
1020;2.3375799655914307 -0.6035929918289185
1021;2.4594600200653076 -0.665552020072937
1022;2.339900016784668 -0.5983570218086243
1023;2.395169973373413 -0.6405360102653503
1024;2.278820037841797 -0.5506510138511658
1025;2.5167601108551025 -0.7510730028152466
1026;2.2942399978637695 -0.5561779737472534
1027;2.2677600383758545 -0.5747950077056885
1028;2.498729944229126 -0.7484549880027771
1029;2.2974400520324707 -0.5803220272064209
1030;2.4510200023651123 -0.6497470140457153
1031;2.315469980239868 -0.618137001991272
1032;2.333209991455078 -0.5855579972267151
1033;2.2823100090026855 -0.5724679827690125
1034;2.4629499912261963 -0.693477988243103
1035;2.3416500091552734 -0.620173990726471
1036;2.326809883117676 -0.6187189817428589
1037;2.3010098934173584 -0.6057170033454895
1038;2.2133700847625732 -0.612900972366333
1039;2.439810037612915 -0.677353024482727
1040;2.292340040206909 -0.5928300023078918
1041;2.101670026779175 -0.39415401220321655
1042;2.120569944381714 -0.4372049868106842
1043;2.1610100269317627 0.020653100684285164
1044;-2.139770030975342 -0.7955790162086487
1045;2.5429399013519287 -0.2641260027885437
1046;1.1091599464416504 -0.9285150170326233
1047;1.247040033340454 -0.8936089873313904
1048;0.8997169733047485 -0.89273601770401
1049;0.6062110066413879 0.0014544399455189705
1050;1.8299800157546997 -0.20158599317073822
1051;1.8119399547576904 -0.2341649979352951
1052;2.44461989402771 -0.6928960084915161
1053;2.4872400760650635 -0.7592179775238037
1054;2.248569965362549 -0.6251189708709717
1055;2.1947500705718994 -0.6809689998626709
1056;2.2098801136016846 -0.6265730261802673
1057;2.2058498859405518 -0.6066960096359253
1058;2.2587499618530273 -0.6280279755592346
1059;2.256999969482422 -0.6207550168037415
1060;2.229949951171875 -0.6062110066413879
1061;2.2506000995635986 -0.6588619947433472
1062;2.2322800159454346 -0.6544979810714722
1063;2.244489908218384 -0.6667159795761108
1064;2.240220069885254 -0.6392269730567932
1065;1.9823999404907227 -0.3880450129508972
1066;1.742419958114624 -0.11111900210380554
1067;2.3634700775146484 -0.8523020148277283
1068;1.6214100122451782 -0.9782570004463196
1069;1.4486199617385864 -0.9605129957199097
1070;2.7689599990844727 -0.9253150224685669
1071;-0.09773840010166168 -0.9672030210494995
1072;1.7901300191879272 -0.31386798620224
1073;0.36826398968696594 -0.9864019751548767
1074;-0.1806419938802719 -0.10913199931383133
1075;0.2519089877605438 -0.4715299904346466
1076;0.23009300231933594 -0.5742130279541016
1077;0.44127699732780457 -0.9535319805145264
1078;0.4174250066280365 -0.9581859707832336
1079;0.28419798612594604 -0.9893109798431396
1080;0.3621560037136078 -0.7187849879264832
1081;0.8432850241661072 0.23241999745368958
1082;0.8459029793739319 0.23823699355125427
1083;0.8336859941482544 0.25540000200271606
1084;0.8604469895362854 0.21554799377918243
1085;0.8621929883956909 0.316195011138916
1086;0.845320999622345 0.3106690049171448
1087;0.7787079811096191 0.3263770043849945
1088;0.8368849754333496 0.2603450119495392
1089;0.8220499753952026 0.3743729889392853
1090;0.8517209887504578 0.3461570143699646
1091;0.8380489945411682 0.38600900769233704
1092;0.8685920238494873 0.28216201066970825
1093;0.7932519912719727 0.3412120044231415
1094;0.7839440107345581 0.31154099106788635
1095;0.7673630118370056 0.30514198541641235
1096;0.8307769894599915 0.2920520007610321
1097;0.8523020148277283 0.3365580141544342
1098;0.8214679956436157 0.33306699991226196
1099;0.7763810157775879 0.29234299063682556
1100;0.8348489999771118 0.39793500304222107
1101;0.832493007183075 0.28053298592567444
1102;0.8523020148277283 0.2763440012931824
1103;0.8319399952888489 0.27139899134635925
1104;0.8757190108299255 0.24918000400066376
1105;0.8037239909172058 0.3272489905357361
1106;0.7685269713401794 0.3150320053100586
1107;0.773472011089325 0.37379100918769836
1108;0.7568910121917725 0.37960898876190186
1109;0.773472011089325 0.35401099920272827
1110;0.7917979955673218 0.28099799156188965
1111;0.8694649934768677 0.29815998673439026
1112;0.8671380281448364 0.2693620026111603
1113;0.8726649880409241 0.23329199850559235
1114;0.7632910013198853 0.40811601281166077
1115;0.6091200113296509 0.3455750048160553
1116;0.9680759906768799 0.08144869655370712
1117;0.2154030054807663 -0.8086689710617065
1118;2.0114901065826416 -0.09250249713659286
1119;1.8107800483703613 -0.025307299569249153
1120;1.7499799728393555 -0.09250249713659286
1121;1.7531800270080566 -0.12246400117874146
1122;-0.07330379635095596 -0.2530730068683624
1123;-0.19954900443553925 -0.2519089877605438
1124;-0.167261004447937 -0.2659200131893158
1125;-0.06283190101385117 -0.28536099195480347
1126;-0.052650801837444305 -0.2920520007610321
1127;-0.18442299962043762 -0.2641260027885437
1128;2.987420082092285 -0.1419530063867569
1129;2.9277899265289307 -0.1527159959077835
1130;2.990910053253174 -0.12653599679470062
1131;-0.16842399537563324 -0.2914699912071228
1132;-0.23590999841690063 -0.28216201066970825
1133;-0.21816599369049072 -0.39618998765945435
1134;-0.21292999386787415 -0.26499900221824646
1135;-0.19954900443553925 -0.323758989572525
1136;0.6841689944267273 0.12013699859380722
1137;-1.2272599935531616 0.32288599014282227
1138;-1.837249994277954 -0.3609920144081116
1139;-1.256060004234314 0.23620100319385529
1140;-1.8035099506378174 -0.3607009947299957
1141;-1.7886699438095093 -0.3664320111274719
1142;-1.8209600448608398 -0.33364900946617126
1143;-1.7508599758148193 -0.4479680061340332
1144;-1.9143400192260742 -0.4022980034351349
1145;-1.8267799615859985 -0.4188790023326874
1146;-1.6796300411224365 -0.2752090096473694
1147;-1.772379994392395 -0.30776000022888184
1148;-1.7662700414657593 -0.3438299894332886
1149;-1.7624900341033936 -0.38717201352119446
1150;-1.7904200553894043 -0.3976440131664276
1151;-1.93818998336792 -0.5078909993171692
1152;-1.857319951057434 -0.4054979979991913
1153;-1.6842399835586548 -0.2967059910297394
1154;-1.754930019378662 -0.5009099841117859
1155;-1.7168400287628174 -0.33396899700164795
1156;-1.707800030708313 -0.38920798897743225
1157;-1.804669976234436 -0.44651299715042114
1158;-1.679010033607483 -0.3339399993419647
1159;-1.6228699684143066 -0.31415900588035583
1160;-1.7360199689865112 -0.4805470108985901
1161;-1.9437099695205688 -0.45407599210739136
1162;-1.9021199941635132 -0.4505859911441803
1163;-2.0149800777435303 -0.5698500275611877
1164;-2.0417399406433105 -0.5681049823760986
1165;-1.5702099800109863 -0.6120290160179138
1166;-1.7185699939727783 -0.5154539942741394
1167;-2.055619955062866 -0.5895429849624634
1168;2.844599962234497 -0.0927933007478714
1169;2.7616899013519287 -0.12246400117874146
1170;2.650279998779297 -0.13031800091266632
1171;2.4103000164031982 -0.1660970002412796
1172;1.8634300231933594 -0.8351399898529053
1173;-0.10035599768161774 -0.6248279809951782
1174;-0.11781000345945358 -0.5942850112915039
1175;-0.0927933007478714 -0.6210460066795349
1176;0.2984510064125061 0.3938629925251007
1177;-0.15766100585460663 -0.9299700260162354
1178;0.07567939907312393 -0.8977299928665161
1179;2.856519937515259 0.34470298886299133
1180;2.874119997024536 0.3665190041065216
1181;2.869610071182251 0.3577919900417328
1182;2.9225499629974365 0.39415401220321655
1183;2.9187700748443604 0.36244699358940125
1184;2.911210060119629 0.3912450075149536
1185;2.884160041809082 0.36302798986434937
1186;2.932149887084961 0.37640899419784546
1187;2.9088799953460693 0.3577919900417328
1188;2.9286599159240723 0.3665190041065216
1189;2.8640899658203125 0.35401099920272827
1190;2.5655899047851562 0.11760599911212921
1191;2.5173499584198 0.1023930013179779
1192;2.9362900257110596 0.30834200978279114
1193;3.050839900970459 0.7214030027389526
1194;2.9449501037597656 0.7856889963150024
1195;3.076430082321167 0.6658430099487305
1196;0.1285730004310608 -0.3278310000896454
1197;0.12449999898672104 -0.23561899363994598
1198;0.09192070364952087 -0.2597630023956299
1199;0.15678900480270386 -0.2405650019645691
1200;0.22834700345993042 -0.2068219929933548
1201;0.18180499970912933 -1.1068300008773804
1202;0.17860500514507294 -1.033229947090149
1203;0.09832020103931427 -1.0277099609375
1204;0.3304489850997925 -1.2161999940872192
1205;0.1628970056772232 -1.0661100149154663
1206;0.32346799969673157 -1.2051500082015991
1207;0.12479099631309509 -1.0949000120162964
1208;0.19809499382972717 -1.0922900438308716
1209;0.2530730068683624 -1.1027599573135376
1210;1.274090051651001 -0.5500699877738953
1211;1.2499500513076782 -0.5939940214157104
1212;2.1036999225616455 -0.31735900044441223
1213;-1.3404099941253662 0.12211500108242035
1214;0.3659369945526123 -0.9104800224304199
1215;0.3839719891548157 -0.8732460141181946
1216;0.29612401127815247 -0.8924450278282166
1217;0.26005399227142334 -0.9352059960365295
1218;0.4180060029029846 -0.8694649934768677
1219;-0.7673969864845276 0.34266600012779236
1220;-0.6102830171585083 0.12479099631309509
1221;-0.4392409920692444 -0.6451900005340576
1222;2.2060999870300293 0.14806200563907623
1223;-0.4728820025920868 -0.6764310002326965
1224;-0.14747999608516693 -0.7257660031318665
1225;-0.11781000345945358 -0.7298380136489868
1226;-0.5427970290184021 -0.6928960084915161
1227;-0.5436699986457825 -0.6888229846954346
1228;-0.4994550049304962 -0.6725339889526367
1229;-0.4945099949836731 -0.6713700294494629
1230;-0.4886919856071472 -0.681842029094696
1231;-0.49295899271965027 -0.674793004989624
1232;-0.148935005068779 -0.6480990052223206
1233;-0.13526299595832825 -0.7208210229873657
1234;0.032288599759340286 -0.680387020111084
1235;-1.3424500226974487 -0.677187979221344
1236;-1.3315099477767944 -0.6446660161018372
1237;-1.2612899541854858 -0.3799000084400177
1238;0.9683669805526733 0.3723370134830475
1239;0.41335201263427734 -0.816523015499115
1240;0.39939001202583313 -0.8325219750404358
1241;0.3714640140533447 -0.7984880208969116
1242;0.4206239879131317 -0.7990700006484985
1243;0.38222700357437134 -0.8205959796905518
1244;0.6396629810333252 -0.8837180137634277
1245;0.9817479848861694 -1.0122900009155273
1246;1.1623899936676025 -1.1620999574661255
1247;0.8040149807929993 -0.9000080227851868
1248;1.2799099683761597 -1.0687199831008911
1249;1.1437699794769287 -0.9974560141563416
1250;0.8444479703903198 -0.9485859870910645
1251;0.6844599843025208 -0.9017530083656311
1252;1.057669997215271 -0.9922199845314026
1253;0.7766720056533813 -0.8508480191230774
1254;0.6798059940338135 -0.7865620255470276
1255;0.7679449915885925 -0.9832019805908203
1256;0.8752830028533936 -0.9285150170326233
1257;0.9762210249900818 -0.9552770256996155
1258;2.490880012512207 -0.8182690143585205
1259;2.2980198860168457 -0.754272997379303
1260;2.630500078201294 -1.045740008354187
1261;0.5259259939193726 0.03432479873299599
1262;-1.0951900482177734 -0.3016510009765625
1263;-1.064650058746338 -0.24463699758052826
1264;-1.0637799501419067 -0.23998300731182098
1265;-0.9840750098228455 -0.8226320147514343
1266;-1.0681400299072266 -0.22922000288963318
1267;-1.0722099542617798 -0.2202019989490509
1268;-1.0710500478744507 -0.23125599324703217
1269;0.11730100214481354 -0.006632249802350998
1270;0.8150690197944641 -0.4313870072364807
1271;0.5899209976196289 -0.543379008769989
1272;0.5194389820098877 -0.539713978767395
1273;0.7286750078201294 -0.48025599122047424
1274;1.3256299495697021 -0.19431300461292267
1275;1.369789958000183 -0.30339598655700684
1276;0.9011719822883606 -0.5715950131416321
1277;0.7074400186538696 -0.3749549984931946
1278;0.8220499753952026 -0.30397799611091614
1279;0.63926100730896 -0.4951789975166321
1280;0.7368199825286865 -0.39851701259613037
1281;0.7152940034866333 -0.5404700040817261
1282;0.6530439853668213 -0.5468699932098389
1283;0.7443829774856567 -0.3487749993801117
1284;0.7429329752922058 -0.2955470085144043
1285;0.7752169966697693 -0.30717799067497253
1286;0.7592179775238037 -0.517490029335022
1287;0.7945849895477295 -0.48684999346733093
1288;0.8656830191612244 -0.4421499967575073
1289;0.6742500066757202 -0.5531820058822632
1290;0.7883070111274719 -0.3577919900417328
1291;0.6640980243682861 -0.42033299803733826
1292;0.7016220092773438 -0.5224350094795227
1293;0.8048880100250244 -0.49421900510787964
1294;0.6414089798927307 -0.46105799078941345
1295;0.7856889963150024 -0.18180499970912933
1296;0.5311620235443115 -0.3348119854927063
1297;0.9730209708213806 -0.4232420027256012
1298;0.7888889908790588 -0.22252899408340454
1299;0.7501909732818604 -0.25738799571990967
1300;0.8533210158348083 -0.27896198630332947
1301;-0.23998300731182098 -0.24289199709892273
1302;-0.287106990814209 -0.2801249921321869
1303;-0.22529299557209015 -0.2603450119495392
1304;-0.28419798612594604 -0.21903899312019348
1305;-0.26121801137924194 -0.2908880114555359
1306;-0.2303829938173294 -0.15038900077342987
1307;1.3543800115585327 -0.22631099820137024
1308;2.040290117263794 0.022107500582933426
1309;2.1802101135253906 -0.026761699467897415
1310;2.02632999420166 0.1495169997215271
1311;0.3113960027694702 -0.8493940234184265
1312;0.35706499218940735 -0.8552110195159912
1313;0.29164499044418335 -0.7558730244636536
1314;0.273144006729126 -0.8124510049819946
1315;0.7909250259399414 -0.03519750013947487
1316;0.3711729943752289 0.495963990688324
1317;0.5401790142059326 0.5230169892311096
1318;0.5663589835166931 0.3310309946537018
1319;2.639810085296631 0.41538798809051514
1320;-0.10588300228118896 -0.6414089798927307
1321;-0.082321397960186 -0.7269300222396851
1322;-0.046542100608348846 -0.7478740215301514
1323;-0.017792699858546257 -0.7272210121154785
1324;-0.15038900077342987 -0.7368199825286865
1325;0.27515101432800293 -0.8740609884262085
1326;0.6546440124511719 -0.10471999645233154
1327;-0.09861110150814056 -0.7150030136108398
1328;0.2022159993648529 -0.8717920184135437
1329;0.12508200109004974 -0.886044979095459
1330;-0.2303829938173294 -0.47385698556900024
1331;0.2507460117340088 -1.1740200519561768
1332;-0.05148719996213913 -0.615809977054596
1333;-0.31212300062179565 -0.4854919910430908
1334;-0.03583740070462227 -0.7264639735221863
1335;-0.084648497402668 -0.6606069803237915
1336;-0.09421870112419128 -0.6268349885940552
1337;0.2950820028781891 -1.0260599851608276
1338;0.2658720016479492 -1.0341099500656128
1339;-0.04886920005083084 -0.9587680101394653
1340;-0.045087698847055435 -0.8988450169563293
1341;-0.03781550005078316 -0.9058259725570679
1342;-0.07853980362415314 -0.9468410015106201
1343;-0.12479099631309509 -0.9608039855957031
1344;0.01628969982266426 -0.8892449736595154
1345;-0.034790199249982834 -0.9000080227851868
1346;-1.689769983291626 -0.8188499808311462
1347;-1.24413001537323 -0.7411829829216003
1348;-1.2863099575042725 -0.7167490124702454
1349;0.4345870018005371 -0.2106029987335205
1350;0.6495530009269714 -0.3417940139770508
1351;-0.9628400206565857 -0.1018109992146492
1352;0.32026800513267517 -1.006469964981079
1353;0.30194199085235596 -1.0887900590896606
1354;0.2664540112018585 -0.9820389747619629
1355;0.39793500304222107 -1.0294500589370728
1356;0.3926990032196045 -1.016070008277893
1357;0.22983600199222565 -1.0204399824142456
1358;0.2903060019016266 -1.039929986000061
1359;0.25859999656677246 -0.992510974407196
1360;0.6146469712257385 -0.5561779737472534
1361;0.36360999941825867 -1.1693700551986694
1362;0.3365960121154785 -1.1447900533676147
1363;0.2705259919166565 -1.0535999536514282
1364;0.287106990814209 -1.03643000125885
1365;0.2969970107078552 -1.0562200546264648
1366;0.3112500011920929 -1.0975199937820435
1367;0.27081701159477234 -1.0192699432373047
1368;0.33146700263023376 -1.1066800355911255
1369;0.23682700097560883 -1.0475000143051147
1370;0.26325398683547974 -1.1484299898147583
1371;0.29874199628829956 -1.0774500370025635
1372;0.2763440012931824 -1.0038599967956543
1373;0.2437639981508255 -1.0201400518417358
1374;0.29757899045944214 -1.069890022277832
1375;0.2985680103302002 -1.1359200477600098
1376;0.3257949948310852 -1.1274800300598145
1377;0.253944993019104 -1.064650058746338
1378;0.2868160009384155 -0.9994919896125793
1379;0.22689299285411835 -1.0495200157165527
1380;0.21467599272727966 -1.016950011253357
1381;0.29059699177742004 -1.127769947052002
1382;0.2501640021800995 -1.0826900005340576
1383;0.17162400484085083 -0.8118690252304077
1384;-1.2921299934387207 -0.7970340251922607
1385;-1.3857899904251099 -0.7615450024604797
1386;0.29956600069999695 -0.8148260116577148
1387;0.8418300151824951 -0.5299980044364929
1388;0.13500100374221802 -0.8266459703445435
1389;0.1419530063867569 -0.5919579863548279
1390;-0.13322700560092926 -0.9491680264472961
1391;-2.8981199264526367 -1.1562800407409668
1392;0.3359760046005249 -0.739437997341156
1393;0.3269580006599426 -0.7400199770927429
1394;0.6844599843025208 0.10850100219249725
1395;1.7505700588226318 -0.25540000200271606
1396;0.02094399929046631 -0.1666789948940277
1397;-0.07534000277519226 -0.19489499926567078
1398;-3.058690071105957 0.37000998854637146
1399;-1.0618000030517578 -0.19454100728034973
1400;0.1549459993839264 -0.6453840136528015
1401;0.1864590048789978 -0.6059200167655945
1402;0.694229006767273 -0.7155609726905823
1403;0.6864960193634033 -0.847648024559021
1404;0.9773839712142944 -0.4494220018386841
1405;2.5167601108551025 0.36360999941825867
1406;-0.026179900392889977 -0.9314240217208862
1407;0.01221730001270771 -0.9000570178031921
1408;-0.020071299746632576 -1.0498600006103516
1409;-0.07184939831495285 -0.8799369931221008
1410;-0.07097669690847397 -0.9005900025367737
1411;0.5881760120391846 0.2437639981508255
1412;-0.05061449855566025 -1.0285799503326416
1413;-0.11170099675655365 -0.8709189891815186
1414;-0.052650801837444305 -0.9852380156517029
1415;-0.09890200197696686 -0.8747010231018066
1416;-0.09890200197696686 -0.8744099736213684
1417;-1.3837599754333496 -0.4485499858856201
1418;-1.3169100284576416 -0.4243769943714142
1419;-1.349429965019226 -0.6544979810714722
1420;-1.4646199941635132 -0.6274459958076477
1421;-1.7037299871444702 -0.6178470253944397
1422;-1.4172099828720093 -0.5608320236206055
1423;-1.338379979133606 -0.4447680115699768
1424;-1.154539942741394 0.3036870062351227
1425;-1.006469964981079 0.3316130042076111
1426;-1.35903000831604 -0.37379100918769836
1427;-1.4963300228118896 -0.6664249897003174
1428;-1.9541900157928467 -0.7118030190467834
1429;-2.7459800243377686 -0.03257950022816658
1430;-2.5313100814819336 -1.1082799434661865
1431;-1.5687600374221802 -0.2952519953250885
1432;-1.2601300477981567 -0.34528398513793945
1433;-1.2927099466323853 -0.7129669785499573
1434;2.467600107192993 -0.7103490233421326
1435;0.7775440216064453 0.34324800968170166
1436;-1.784600019454956 -0.38164499402046204
1437;-1.3299399614334106 -0.6440269947052002
1438;-2.090320110321045 -0.6894050240516663
1439;-1.8500499725341797 -0.5006189942359924
1440;-1.9364399909973145 -0.5605419874191284
1441;-1.5993000268936157 -0.3263770043849945
1442;-1.8576099872589111 -0.5526880025863647
1443;-1.917240023612976 -0.4779289960861206
1444;-1.875939965248108 -0.3970620036125183
1445;-1.9361499547958374 -0.4881100058555603
1446;-1.4870200157165527 -0.6114469766616821
1447;1.2676899433135986 -0.40258899331092834
1448;-1.2778700590133667 0.0654497966170311
1449;-1.246749997138977 -0.7283840179443359
1450;-1.2988200187683105 -0.7120940089225769
1451;-1.2918299436569214 -0.7243120074272156
1452;-1.4227299690246582 -0.7167490124702454
1453;-1.4695700407028198 -0.5503609776496887
1454;-1.8605200052261353 -0.6117380261421204
1455;-1.8567399978637695 -0.5550150275230408
1456;-1.3165600299835205 -0.7094759941101074
1457;-1.774999976158142 -0.6149380207061768
1458;-1.8651800155639648 -0.6844599843025208
1459;-1.5908700227737427 -0.5329070091247559
1460;-1.5117499828338623 -0.6830059885978699
1461;-1.3741600513458252 -0.7493280172348022
1462;-1.4157500267028809 -0.5925390124320984
1463;-1.8276499509811401 -0.6774790287017822
1464;-1.4465899467468262 -0.6981319785118103
1465;-1.4692800045013428 -0.6937680244445801
1466;-1.461709976196289 -0.7499099969863892
1467;-1.5545099973678589 -0.5305799841880798
1468;-1.3351800441741943 -0.6480990052223206
1469;-1.5722500085830688 -0.5640320181846619
1470;-1.4765499830245972 -0.6638069748878479
1471;-1.609779953956604 -0.6062110066413879
1472;-1.5364700555801392 -0.5355250239372253
1473;-1.5798100233078003 -0.7234389781951904
1474;-1.3782299757003784 -0.5881760120391846
1475;-1.6737699508666992 -0.7208210229873657
1476;-2.057159900665283 -0.5875939726829529
1477;-1.3555400371551514 -0.7525280117988586
1478;-2.122610092163086 -0.6754419803619385
1479;-1.3284900188446045 -0.7525280117988586
1480;-1.6734800338745117 -0.6318089962005615
1481;-1.5099999904632568 -0.5317440032958984
1482;-1.7060600519180298 -0.45727598667144775
1483;-1.7773300409317017 -0.5875939726829529
1484;-1.7837300300598145 -0.557341992855072
1485;-1.2758400440216064 -0.7120940089225769
1486;-1.246749997138977 -0.7493280172348022
1487;-2.028359889984131 -0.7603819966316223
1488;-2.051340103149414 -0.831358015537262
1489;-1.4407700300216675 -0.47821998596191406
1490;-2.0655999183654785 -0.5969030261039734
1491;-1.276710033416748 -0.7760900259017944
1492;-1.492840051651001 -0.7484549880027771
1493;-1.3415800333023071 -0.7027860283851624
1494;-1.6886099576950073 -0.7129669785499573
1495;-2.06210994720459 -0.5902119874954224
1496;-2.0333099365234375 -0.5905029773712158
1497;-1.2269699573516846 -0.7618359923362732
1498;-1.70169997215271 -0.48462000489234924
1499;-1.4145900011062622 -0.5093449950218201
1500;-1.8660500049591064 -0.6917319893836975
1501;-2.1505401134490967 -0.7699810266494751
1502;-2.089449882507324 -0.6416990160942078
1503;-1.7144999504089355 -0.4569849967956543
1504;-1.5111600160598755 -0.6059200167655945
1505;-1.4270999431610107 -0.4284780025482178
1506;-1.5591599941253662 -0.7528190016746521
1507;-1.4073200225830078 -0.4904380142688751
1508;-1.472190022468567 -0.5305799841880798
1509;-1.222890019416809 -0.720238983631134
1510;-1.462589979171753 -0.7257660031318665
1511;-2.078979969024658 -0.8075060248374939
1512;-2.0914900302886963 -0.600974977016449
1513;-1.1291600465774536 -0.1766519993543625
1514;-1.2100900411605835 -0.17569600045681
1515;-1.12021005153656 -0.18238699436187744
1516;-1.2507100105285645 -0.18640099465847015
1517;-1.1874099969863892 -0.17715099453926086
1518;-3.074690103530884 0.23212899267673492
1519;-3.109299898147583 0.24870899319648743
1520;0.7714359760284424 -0.2684899866580963
1521;0.8610290288925171 -0.2556909918785095
1522;0.7702720165252686 -0.23881900310516357
1523;0.344992995262146 -0.057014100253582
1524;0.5000370144844055 0.22689299285411835