0;1
0;2
0;3
0;4
0;5
0;6
0;7
0;8
0;9
0;10
0;11
0;12
0;13
0;14
0;15
2;1
2;3
2;4
2;5
2;6
2;7
2;8
2;9
2;10
3;1
3;4
3;5
3;6
3;7
3;8
3;9
3;10
4;1
4;5
4;6
4;7
4;8
4;9
4;10
4;16
4;17
4;18
4;19
4;20
4;21
4;22
4;23
5;1
5;6
5;7
5;8
5;9
5;10
5;24
5;25
5;26
5;27
6;1
6;7
6;8
6;9
6;10
6;28
6;29
6;30
7;1
7;8
7;9
7;10
7;31
7;32
7;33
7;34
7;35
7;36
7;37
7;38
7;39
7;40
7;41
7;42
7;43
7;44
7;45
8;1
8;9
8;10
8;46
9;1
9;10
9;47
9;48
9;49
9;50
9;51
9;52
9;53
9;54
9;55
9;56
10;1
10;57
10;58
10;59
10;60
10;61
10;62
10;63
10;64
10;65
10;66
10;67
10;68
10;69
10;70
10;71
10;72
10;73
10;74
10;75
10;76
11;1
11;2
11;3
11;4
11;5
11;6
11;7
11;8
11;9
11;10
11;77
12;1
12;2
12;3
12;4
12;5
12;6
12;7
12;8
12;9
12;10
13;1
13;2
13;3
13;4
13;5
13;6
13;7
13;8
13;9
13;10
14;1
14;2
14;3
14;4
14;5
14;6
14;7
14;8
14;9
14;10
15;1
15;2
15;3
15;4
15;5
15;6
15;7
15;8
15;9
15;10
17;1
17;2
17;3
17;5
17;6
17;7
17;8
17;9
17;10
0;17
19;1
19;2
19;3
19;5
19;6
19;7
19;8
19;9
19;10
0;19
20;1
20;2
20;3
20;5
20;6
20;7
20;8
20;9
20;10
0;20
21;1
21;2
21;3
21;5
21;6
21;7
21;8
21;9
21;10
0;21
23;1
23;2
23;3
23;5
23;6
23;7
23;8
23;9
23;10
0;23
24;1
24;2
24;3
24;4
24;6
24;7
24;8
24;9
24;10
0;24
24;63
24;78
25;1
25;2
25;3
25;4
25;6
25;7
25;8
25;9
25;10
0;25
25;24
26;1
26;2
26;3
26;4
26;6
26;7
26;8
26;9
26;10
0;26
26;24
28;1
28;2
28;3
28;4
28;5
28;7
28;8
28;9
28;10
0;28
28;79
28;80
29;1
29;2
29;3
29;4
29;5
29;7
29;8
29;9
29;10
0;29
29;81
33;1
33;2
33;3
33;4
33;5
33;6
33;8
33;9
33;10
0;33
34;1
34;2
34;3
34;4
34;5
34;6
34;8
34;9
34;10
0;34
34;82
34;83
34;84
34;85
34;86
34;87
34;73
34;88
34;89
34;90
34;91
34;92
34;93
34;94
34;95
34;96
34;79
34;97
36;1
36;2
36;3
36;4
36;5
36;6
36;8
36;9
36;10
0;36
36;98
36;99
36;100
36;101
36;102
37;1
37;2
37;3
37;4
37;5
37;6
37;8
37;9
37;10
0;37
37;103
37;104
38;1
38;2
38;3
38;4
38;5
38;6
38;8
38;9
38;10
0;38
39;1
39;2
39;3
39;4
39;5
39;6
39;8
39;9
39;10
0;39
40;1
40;2
40;3
40;4
40;5
40;6
40;8
40;9
40;10
0;40
41;1
41;2
41;3
41;4
41;5
41;6
41;8
41;9
41;10
0;41
42;1
42;2
42;3
42;4
42;5
42;6
42;8
42;9
42;10
0;42
43;1
43;2
43;3
43;4
43;5
43;6
43;8
43;9
43;10
0;43
43;37
43;105
44;1
44;2
44;3
44;4
44;5
44;6
44;8
44;9
44;10
0;44
45;1
45;2
45;3
45;4
45;5
45;6
45;8
45;9
45;10
0;45
45;90
45;106
46;1
46;2
46;3
46;4
46;5
46;6
46;7
46;9
46;10
0;46
46;107
46;108
48;1
48;2
48;3
48;4
48;5
48;6
48;7
48;8
48;10
0;48
48;109
49;1
49;2
49;3
49;4
49;5
49;6
49;7
49;8
49;10
0;49
50;1
50;2
50;3
50;4
50;5
50;6
50;7
50;8
50;10
0;50
51;1
51;2
51;3
51;4
51;5
51;6
51;7
51;8
51;10
0;51
52;1
52;2
52;3
52;4
52;5
52;6
52;7
52;8
52;10
0;52
53;1
53;2
53;3
53;4
53;5
53;6
53;7
53;8
53;10
0;53
53;110
54;1
54;2
54;3
54;4
54;5
54;6
54;7
54;8
54;10
0;54
54;111
55;1
55;2
55;3
55;4
55;5
55;6
55;7
55;8
55;10
0;55
56;1
56;2
56;3
56;4
56;5
56;6
56;7
56;8
56;10
0;56
57;1
57;2
57;3
57;4
57;5
57;6
57;7
57;8
57;9
0;57
58;1
58;2
58;3
58;4
58;5
58;6
58;7
58;8
58;9
0;58
59;1
59;2
59;3
59;4
59;5
59;6
59;7
59;8
59;9
0;59
60;1
60;2
60;3
60;4
60;5
60;6
60;7
60;8
60;9
0;60
60;112
60;113
60;114
61;1
61;2
61;3
61;4
61;5
61;6
61;7
61;8
61;9
0;61
61;115
62;1
62;2
62;3
62;4
62;5
62;6
62;7
62;8
62;9
0;62
63;1
63;2
63;3
63;4
63;5
63;6
63;7
63;8
63;9
0;63
64;1
64;2
64;3
64;4
64;5
64;6
64;7
64;8
64;9
0;64
65;1
65;2
65;3
65;4
65;5
65;6
65;7
65;8
65;9
0;65
66;1
66;2
66;3
66;4
66;5
66;6
66;7
66;8
66;9
0;66
67;1
67;2
67;3
67;4
67;5
67;6
67;7
67;8
67;9
0;67
69;1
69;2
69;3
69;4
69;5
69;6
69;7
69;8
69;9
0;69
70;1
70;2
70;3
70;4
70;5
70;6
70;7
70;8
70;9
0;70
71;1
71;2
71;3
71;4
71;5
71;6
71;7
71;8
71;9
0;71
71;116
72;1
72;2
72;3
72;4
72;5
72;6
72;7
72;8
72;9
0;72
73;1
73;2
73;3
73;4
73;5
73;6
73;7
73;8
73;9
0;73
73;74
73;117
73;118
73;119
73;120
74;121
74;122
75;1
75;2
75;3
75;4
75;5
75;6
75;7
75;8
75;9
0;75
75;123
75;124
76;1
76;2
76;3
76;4
76;5
76;6
76;7
76;8
76;9
0;76
76;125
76;126
76;127
76;128
76;129
76;130
76;131
76;132
78;1
78;2
78;3
78;4
78;5
78;6
78;7
78;8
78;9
78;10
0;78
78;25
78;133
79;1
79;2
79;3
79;4
79;5
79;6
79;7
79;8
79;9
79;10
0;79
79;134
79;135
80;136
80;137
80;138
80;139
80;140
80;141
80;142
80;143
80;144
81;1
81;2
81;3
81;4
81;5
81;6
81;7
81;8
81;9
81;10
0;81
81;145
81;146
81;147
82;1
82;2
82;3
82;4
82;5
82;6
82;7
82;8
82;9
82;10
0;82
83;1
83;2
83;3
83;4
83;5
83;6
83;7
83;8
83;9
83;10
0;83
84;1
84;2
84;3
84;4
84;5
84;6
84;7
84;8
84;9
84;10
0;84
84;148
84;149
84;150
85;1
85;2
85;3
85;4
85;5
85;6
85;7
85;8
85;9
85;10
0;85
86;1
86;2
86;3
86;4
86;5
86;6
86;7
86;8
86;9
86;10
0;86
87;1
87;2
87;3
87;4
87;5
87;6
87;7
87;8
87;9
87;10
0;87
87;151
88;1
88;2
88;3
88;4
88;5
88;6
88;7
88;8
88;9
88;10
0;88
88;152
88;153
88;154
88;155
89;1
89;2
89;3
89;4
89;5
89;6
89;7
89;8
89;9
89;10
0;89
89;88
89;90
89;156
90;1
90;2
90;3
90;4
90;5
90;6
90;7
90;8
90;9
90;10
0;90
90;88
90;157
90;33
92;1
92;2
92;3
92;4
92;5
92;6
92;7
92;8
92;9
92;10
0;92
92;158
92;159
93;160
94;1
94;2
94;3
94;4
94;5
94;6
94;7
94;8
94;9
94;10
0;94
95;1
95;2
95;3
95;4
95;5
95;6
95;7
95;8
95;9
95;10
0;95
96;1
96;2
96;3
96;4
96;5
96;6
96;7
96;8
96;9
96;10
0;96
96;161
96;93
96;162
96;91
97;1
97;2
97;3
97;4
97;5
97;6
97;7
97;8
97;9
97;10
0;97
97;29
97;163
97;164
97;165
97;166
105;167
105;168
105;169
105;170
105;171
105;172
105;173
105;174
106;1
106;2
106;3
106;4
106;5
106;6
106;7
106;8
106;9
106;10
0;106
107;1
107;2
107;3
107;4
107;5
107;6
107;7
107;8
107;9
107;10
0;107
107;31
107;33
107;34
107;36
107;37
107;38
107;39
107;175
107;176
107;177
107;178
107;179
107;180
107;181
108;1
108;2
108;3
108;4
108;5
108;6
108;7
108;8
108;9
108;10
0;108
109;1
109;2
109;3
109;4
109;5
109;6
109;7
109;8
109;9
109;10
0;109
109;182
110;183
110;184
110;185
110;186
110;187
110;188
110;189
110;190
110;191
110;192
110;193
110;194
110;195
110;196
110;197
110;198
110;199
110;200
110;201
110;202
110;203
110;204
110;205
110;206
110;207
110;208
110;209
110;210
110;211
111;212
111;213
111;214
111;215
111;216
111;217
111;218
111;219
111;220
111;221
111;222
111;223
111;224
115;1
115;2
115;3
115;4
115;5
115;6
115;7
115;8
115;9
115;10
0;115
115;225
115;226
116;1
116;2
116;3
116;4
116;5
116;6
116;7
116;8
116;9
116;10
0;116
116;225
116;227
117;228
117;229
117;230
117;231
117;232
117;233
117;234
117;235
117;236
117;237
117;238
117;239
117;240
117;241
117;242
117;243
118;244
118;245
118;246
118;247
118;248
118;249
118;250
118;251
118;252
118;253
118;254
119;255
119;256
120;257
120;258
122;121
133;1
133;2
133;3
133;4
133;5
133;6
133;7
133;8
133;9
133;10
0;133
133;259
136;1
136;2
136;3
136;4
136;5
136;6
136;7
136;8
136;9
136;10
0;136
136;260
136;261
137;262
137;263
137;264
137;265
137;266
137;267
138;268
138;269
138;270
138;271
138;272
138;273
138;274
138;275
138;276
138;277
138;278
138;279
138;280
138;281
138;282
138;283
138;284
138;285
138;286
138;287
138;144
140;288
141;289
141;290
141;291
141;292
141;293
141;294
141;295
142;296
142;297
142;298
142;299
142;300
142;301
142;302
142;303
142;304
142;305
142;289
142;290
142;291
142;292
142;293
142;294
142;295
144;306
144;307
144;308
144;309
144;310
144;311
144;312
144;139
144;313
144;314
144;315
144;316
144;317
146;1
146;2
146;3
146;4
146;5
146;6
146;7
146;8
146;9
146;10
0;146
146;318
146;319
146;320
146;29
148;321
148;322
148;323
148;324
148;325
148;326
148;327
148;328
150;1
150;2
150;3
150;4
150;5
150;6
150;7
150;8
150;9
150;10
0;150
152;1
152;2
152;3
152;4
152;5
152;6
152;7
152;8
152;9
152;10
0;152
152;329
152;90
153;1
153;2
153;3
153;4
153;5
153;6
153;7
153;8
153;9
153;10
0;153
154;1
154;2
154;3
154;4
154;5
154;6
154;7
154;8
154;9
154;10
0;154
155;1
155;2
155;3
155;4
155;5
155;6
155;7
155;8
155;9
155;10
0;155
157;330
157;331
157;332
157;333
157;334
157;335
157;336
157;337
157;338
157;339
157;340
157;341
157;342
157;343
157;344
157;345
157;346
157;347
157;348
157;349
157;350
157;351
157;352
157;353
157;354
157;355
157;356
157;357
157;358
157;359
157;360
157;361
157;362
158;1
158;2
158;3
158;4
158;5
158;6
158;7
158;8
158;9
158;10
0;158
158;363
162;364
162;365
164;1
164;2
164;3
164;4
164;5
164;6
164;7
164;8
164;9
164;10
0;164
165;1
165;2
165;3
165;4
165;5
165;6
165;7
165;8
165;9
165;10
0;165
167;1
167;2
167;3
167;4
167;5
167;6
167;7
167;8
167;9
167;10
0;167
169;170
169;366
170;367
170;368
170;369
170;366
1;174
174;2
174;3
174;4
174;5
174;6
174;7
174;8
174;9
174;10
174;177
174;370
174;371
174;179
174;107
174;372
175;1
175;2
175;3
175;4
175;5
175;6
175;7
175;8
175;9
175;10
0;175
176;1
176;2
176;3
176;4
176;5
176;6
176;7
176;8
176;9
176;10
0;176
177;1
177;2
177;3
177;4
177;5
177;6
177;7
177;8
177;9
177;10
0;177
178;1
178;2
178;3
178;4
178;5
178;6
178;7
178;8
178;9
178;10
0;178
178;175
179;1
179;2
179;3
179;4
179;5
179;6
179;7
179;8
179;9
179;10
0;179
179;373
179;371
180;1
180;2
180;3
180;4
180;5
180;6
180;7
180;8
180;9
180;10
0;180
181;1
181;2
181;3
181;4
181;5
181;6
181;7
181;8
181;9
181;10
0;181
181;374
184;375
185;376
185;377
186;378
186;379
186;380
189;190
190;381
190;382
190;383
190;384
190;385
190;386
190;387
190;388
191;389
191;390
191;391
192;392
192;393
192;394
192;395
194;396
197;397
197;398
198;399
199;400
199;401
200;402
200;403
200;404
200;405
201;399
202;399
202;200
203;406
203;407
207;408
207;409
207;410
207;411
207;412
207;413
207;414
207;415
207;416
207;417
207;418
207;419
208;420
208;404
208;421
208;422
208;423
208;424
208;425
208;426
208;427
208;428
208;429
208;430
208;431
208;432
208;433
212;213
212;214
212;215
212;216
212;217
212;218
212;434
212;220
212;221
212;222
212;223
212;224
213;214
213;215
213;216
213;217
213;218
213;219
213;435
213;221
213;222
213;223
213;224
214;215
214;216
214;217
214;218
214;219
214;220
214;436
214;222
214;223
214;224
215;216
215;217
215;218
215;219
215;220
215;221
215;437
215;223
215;224
216;217
216;218
216;219
216;220
216;221
216;222
216;438
216;224
217;218
217;219
217;220
217;221
217;222
217;223
217;439
218;219
218;220
218;221
218;222
218;223
218;224
228;229
229;230
230;231
231;232
232;233
233;234
234;235
235;236
236;237
236;440
236;441
236;442
236;443
236;444
236;445
236;446
237;238
238;239
238;232
239;240
240;241
241;242
242;243
244;245
245;246
246;247
247;248
247;249
248;249
249;250
250;251
250;447
250;448
250;449
250;441
250;450
250;451
250;452
250;453
250;454
250;455
250;456
250;457
250;458
250;459
250;460
250;461
250;462
250;463
250;464
250;465
250;466
250;467
250;468
250;469
250;470
250;471
250;472
250;473
250;474
250;475
250;476
251;252
252;253
253;254
256;477
256;478
256;479
256;480
256;481
256;482
256;483
256;484
256;485
258;486
258;487
258;488
258;489
258;490
258;491
258;492
258;493
260;1
260;2
260;3
260;4
260;5
260;6
260;7
260;8
260;9
260;10
0;260
260;494
260;495
260;496
263;497
263;262
263;498
263;499
263;500
263;501
263;502
263;503
263;504
263;505
263;506
263;507
263;508
265;509
265;510
265;511
265;512
265;513
265;514
265;515
265;516
265;517
266;518
267;266
268;269
269;270
269;279
269;277
269;283
269;285
269;282
269;275
269;280
269;278
269;274
269;276
270;271
271;272
272;273
273;274
274;275
275;276
276;281
276;270
276;277
277;278
277;281
278;279
278;281
279;280
279;281
279;283
280;281
280;283
280;275
281;282
282;283
283;284
284;285
284;270
285;286
286;519
287;144
288;520
288;521
288;522
288;523
289;524
289;525
289;526
289;527
289;528
289;529
289;530
289;531
289;532
289;533
289;534
289;535
289;536
289;537
289;144
306;538
306;539
306;540
306;541
307;542
307;543
139;307
307;544
307;545
307;546
307;547
307;548
307;549
307;550
307;551
307;552
307;553
307;554
307;555
307;556
307;557
307;558
307;559
307;315
307;560
307;561
307;562
307;563
307;564
307;565
307;566
307;567
307;568
307;569
307;570
307;571
307;572
309;573
309;574
309;575
309;576
309;577
309;578
309;579
309;580
309;581
309;582
309;583
310;584
310;585
310;555
310;586
310;587
318;1
318;2
318;3
318;4
318;5
318;6
318;7
318;8
318;9
318;10
0;318
318;588
318;589
318;590
318;591
318;592
318;593
320;1
320;2
320;3
320;4
320;5
320;6
320;7
320;8
320;9
320;10
0;320
324;594
324;595
324;596
326;597
326;598
326;599
326;600
326;601
327;602
330;331
331;332
332;333
332;337
333;334
333;337
334;335
334;337
335;348
335;336
335;337
336;337
337;338
337;340
338;339
338;340
339;340
340;341
341;342
342;343
343;344
344;345
344;348
345;346
345;348
346;347
346;348
347;348
348;349
349;350
350;351
351;352
352;354
352;353
352;359
353;354
353;359
354;355
354;359
355;356
355;359
356;357
356;359
357;358
357;359
358;359
359;360
359;361
360;361
361;332
362;331
364;603
364;604
365;605
365;606
365;607
365;608
366;609
366;610
366;611
366;105
366;612
366;613
366;614
366;615
616;366
369;617
32;369
370;1
370;2
370;3
370;4
370;5
370;6
370;7
370;8
370;9
370;10
0;370
1;372
372;2
372;3
372;4
372;5
372;6
372;7
372;8
372;9
372;10
372;371
372;618
372;619
372;620
372;621
372;622
372;623
372;624
372;625
1;373
373;2
373;3
373;4
373;5
373;6
373;7
373;8
373;9
373;10
373;180
373;181
373;626
373;627
373;370
373;628
373;629
373;630
374;1
374;2
374;3
374;4
374;5
374;6
374;7
374;8
374;9
374;10
0;374
374;175
381;382
381;383
381;384
381;385
381;386
381;387
381;388
382;383
382;384
382;385
382;386
382;387
382;388
383;384
383;385
383;386
383;387
383;388
384;385
384;386
384;387
384;388
385;386
385;387
385;388
386;387
386;388
387;388
389;631
389;632
389;633
634;389
391;635
389;391
110;392
110;393
394;636
395;637
395;638
395;639
395;640
395;641
395;642
396;643
396;644
396;645
396;646
396;647
396;648
396;649
396;650
191;396
396;651
396;652
396;653
396;196
396;197
396;654
396;655
396;656
396;657
396;658
396;659
396;660
396;661
396;662
396;663
396;664
396;665
396;666
396;667
397;668
397;669
404;670
404;671
404;672
404;673
404;674
404;675
404;676
404;677
406;678
406;679
406;680
406;681
406;682
406;683
406;684
406;685
406;686
407;687
407;688
407;689
407;690
407;691
407;692
407;693
407;694
407;695
407;696
407;697
407;698
408;699
408;423
411;700
701;411
411;702
411;703
411;704
411;705
412;706
412;707
412;708
412;709
413;710
413;711
414;712
414;713
414;415
414;714
414;715
414;416
414;716
414;717
414;718
414;719
414;720
414;721
414;722
414;723
414;724
414;725
414;726
415;713
415;714
415;715
415;416
415;716
415;717
415;718
415;719
415;720
415;721
415;722
415;723
415;724
415;725
415;726
416;727
416;713
416;714
416;715
416;716
416;717
416;718
416;719
416;720
416;721
416;722
416;723
416;724
416;725
416;726
417;728
417;729
417;730
417;731
417;732
417;733
417;734
417;735
417;736
417;737
418;738
418;739
418;740
418;741
418;742
418;743
418;744
420;745
420;746
420;747
420;748
420;749
420;750
421;751
421;752
421;753
421;754
422;755
422;756
422;757
422;758
422;759
422;760
422;423
422;396
422;761
422;762
423;763
423;764
423;765
423;766
424;767
424;396
424;768
424;769
424;770
424;771
424;772
424;773
424;774
424;775
424;776
424;777
424;778
424;779
424;780
424;781
424;782
424;783
424;784
424;785
424;786
424;787
424;788
424;789
424;790
424;791
424;792
424;793
424;794
424;795
424;796
424;797
424;798
424;799
424;800
424;801
424;802
424;803
424;804
424;805
424;806
424;807
424;808
424;809
424;810
424;811
424;812
424;813
424;814
424;815
424;816
424;817
424;818
424;819
424;820
425;821
429;822
429;823
429;430
431;824
442;825
442;826
442;827
144;442
442;828
442;829
442;830
442;831
442;832
442;833
442;834
444;835
148;444
444;538
444;144
444;836
444;837
444;838
444;839
444;840
445;841
445;842
445;843
445;844
445;845
445;846
445;847
445;848
445;849
445;850
445;851
481;479
481;480
481;852
481;853
481;854
489;488
489;855
489;856
489;857
489;858
139;499
139;500
505;859
506;860
507;861
508;862
508;863
508;864
508;865
520;523
521;523
522;523
524;866
525;867
525;868
525;869
525;870
525;871
525;872
525;873
525;874
525;875
525;290
525;291
525;292
525;293
525;294
525;295
526;876
526;290
526;291
526;292
526;293
526;294
526;295
527;877
527;878
527;879
527;880
527;881
527;301
527;882
527;883
527;884
527;885
527;290
527;291
527;292
527;293
527;294
527;295
528;290
528;291
528;292
528;293
528;294
528;295
529;876
529;290
529;291
529;292
529;293
529;294
529;295
530;876
530;290
530;291
530;292
530;293
530;294
530;295
531;290
531;291
531;292
531;293
531;294
531;295
532;524
532;525
532;526
532;527
532;528
532;529
532;530
532;531
141;532
532;142
532;144
532;533
532;534
532;535
532;536
532;537
533;524
533;525
533;526
533;527
533;528
533;529
533;530
533;531
141;533
533;142
533;534
533;535
533;536
533;537
533;144
534;524
534;525
534;526
534;527
534;528
534;529
534;530
534;531
141;534
534;142
534;535
534;536
534;537
534;144
535;524
535;525
535;526
535;527
535;528
535;529
535;530
535;531
141;535
535;142
535;536
535;537
535;144
536;524
536;525
536;526
536;527
536;528
536;529
536;530
536;531
141;536
536;142
536;886
536;537
536;144
537;524
537;525
537;526
537;527
537;528
537;529
537;530
537;531
141;537
537;142
537;144
538;887
138;538
538;311
538;532
538;309
538;144
538;888
539;889
539;540
539;144
539;309
539;890
539;891
539;892
539;893
138;539
539;894
539;895
540;596
144;540
541;896
541;897
541;898
144;541
547;899
547;900
547;901
549;902
549;903
551;904
551;905
551;906
551;907
144;555
555;908
555;909
555;910
555;911
555;912
555;913
555;914
557;915
557;916
559;917
559;918
559;919
561;920
561;921
561;922
563;923
563;924
565;925
565;926
565;927
138;566
568;928
568;929
569;930
569;931
569;932
569;933
569;934
569;838
571;570
144;572
144;574
144;577
144;578
144;579
144;582
144;583
144;584
584;935
584;936
584;937
144;585
585;938
585;939
585;940
585;941
144;586
586;942
586;943
586;944
586;945
144;587
587;946
587;947
587;948
587;949
587;950
603;606
604;607
607;951
607;952
607;953
607;954
607;955
607;956
607;957
607;958
607;959
607;960
607;961
607;962
607;963
612;964
613;965
613;966
614;967
614;368
369;614
36;616
616;37
621;1
621;2
621;3
621;4
621;5
621;6
621;7
621;8
621;9
621;10
0;621
621;968
621;969
621;970
621;971
621;972
621;973
621;974
626;1
626;2
626;3
626;4
626;5
626;6
626;7
626;8
626;9
626;10
0;626
626;33
627;1
627;2
627;3
627;4
627;5
627;6
627;7
627;8
627;9
627;10
0;627
627;36
627;37
627;38
627;39
628;1
628;2
628;3
628;4
628;5
628;6
628;7
628;8
628;9
628;10
0;628
628;179
628;180
628;374
628;181
633;975
36;634
634;37
640;976
640;977
640;978
641;637
641;638
641;639
641;640
642;979
642;980
642;981
642;982
642;983
644;984
645;985
645;986
646;987
646;988
646;989
649;650
650;990
650;991
650;992
650;993
650;994
650;995
650;996
650;997
392;651
651;393
651;998
651;999
654;1000
655;1001
655;1002
656;402
656;403
656;404
656;1003
657;1000
658;1000
658;656
659;406
659;407
663;1004
663;409
663;410
411;663
663;412
663;413
663;414
663;415
663;416
663;417
663;418
663;419
664;1005
664;404
664;421
664;422
664;423
664;424
664;425
664;426
664;427
664;428
664;429
664;430
664;431
664;432
664;433
669;1006
670;676
670;671
671;820
671;1007
671;676
672;1008
672;1009
672;676
673;1010
673;674
673;676
674;1011
674;1010
674;676
675;676
680;1012
680;684
680;1013
680;1014
680;1015
680;1016
684;1014
685;1017
686;1018
687;1019
687;1020
687;1021
687;1022
687;1023
687;1024
687;1025
687;1026
687;1027
687;1028
687;1029
687;1030
688;1031
688;1032
688;1033
688;1034
688;1035
701;700
700;702
700;703
700;704
700;705
701;702
1036;701
701;110
701;1037
702;1038
706;707
706;708
709;706
707;708
709;707
709;708
110;709
710;711
713;1039
713;1040
713;1041
713;1042
713;1043
713;1044
713;714
713;715
713;716
713;717
713;718
713;719
713;720
713;721
713;722
713;723
713;724
713;725
713;726
714;1045
714;715
714;716
714;717
714;718
714;719
714;720
714;721
714;722
714;723
714;724
714;725
714;726
715;1046
715;716
715;717
715;718
715;719
715;720
715;721
715;722
715;723
715;724
715;725
715;726
716;1047
716;717
716;718
716;719
716;720
716;721
716;722
716;723
716;724
716;725
716;726
717;1048
717;718
717;719
717;720
717;721
717;722
717;723
717;724
717;725
717;726
718;1049
718;1050
718;719
718;720
718;721
718;722
718;723
718;724
718;725
718;726
726;1051
726;1052
726;719
726;720
726;721
726;722
726;723
726;724
726;725
733;1053
739;740
739;741
739;742
739;738
739;743
739;744
740;741
740;742
740;738
740;743
740;744
741;738
741;743
741;744
743;738
743;744
744;1054
744;742
744;738
745;820
745;1055
745;1056
745;1057
396;745
749;1058
749;1059
749;1060
396;750
751;1061
751;1062
751;1063
751;1064
751;1065
752;1066
752;1067
752;1068
752;1069
754;1070
754;1071
754;1072
754;1073
761;755
761;423
396;761
762;1074
762;1075
762;1076
762;1077
762;1078
762;1079
762;423
762;1080
762;1081
762;1082
762;1083
762;1084
763;1085
763;1086
764;1086
765;1087
765;1088
765;1089
765;1090
765;1086
766;1091
768;1092
768;1093
768;795
769;1094
770;1095
770;820
770;1096
770;1097
770;1098
770;1099
770;1100
771;1101
771;1094
772;1102
772;1103
773;1102
773;1103
774;819
774;1103
774;814
775;1104
775;1105
776;1106
776;1107
777;1103
778;1094
779;1108
779;1109
780;1110
781;1111
781;1112
781;1113
781;1114
781;1115
781;1116
781;1117
781;1118
781;1119
781;1120
781;1121
781;1122
781;1123
781;1124
781;1125
781;1126
781;1127
781;1128
781;1129
781;1130
781;1131
781;1132
781;1133
781;1134
781;1135
781;1136
781;1137
781;1138
781;1139
781;1140
781;1141
781;1142
781;1143
781;1144
781;1145
781;1146
781;1147
781;1148
781;1149
781;1150
781;1151
781;1152
781;1153
781;1154
781;1155
781;1156
781;1157
781;1158
782;1159
782;1160
782;1161
782;1162
782;1163
782;1164
782;1165
782;1166
782;1167
782;1168
782;1169
782;1170
782;1171
782;1172
782;1173
782;1174
782;1175
782;1176
782;1177
782;1178
782;1179
782;1180
782;1181
782;1182
782;1183
782;1184
783;1101
783;1094
784;1101
784;1094
785;1101
785;1094
786;1102
786;1103
787;1102
787;1103
788;1102
788;1103
789;1101
789;1094
790;1101
790;1094
791;1101
791;1094
792;1185
792;1186
793;1187
793;1188
794;1094
795;1093
795;1189
795;1190
795;1191
796;1103
797;1192
797;1193
797;1194
798;1195
798;1196
798;1197
799;1198
799;1199
801;1200
801;1201
801;1202
801;1203
802;1204
803;1205
803;808
803;804
803;1206
804;1205
804;805
804;1207
805;1205
805;806
805;1208
806;1205
806;807
806;1209
807;1205
807;808
807;1210
808;1205
808;1211
811;1212
811;1213
811;1214
811;1215
811;1216
811;1217
811;1218
812;1219
812;1220
812;1221
812;1222
812;1223
812;1224
813;1225
813;1226
814;1102
814;1103
815;1160
816;1094
816;1227
817;1094
817;1227
818;1228
818;1229
818;1230
818;1231
818;1232
818;1233
818;1234
818;1235
818;1236
819;1103
819;796
819;1237
819;1238
819;777
819;1239
819;1240
819;1241
819;1242
819;1243
820;767
396;820
820;768
820;769
820;771
820;772
820;773
820;774
820;775
820;776
820;777
820;778
820;779
820;780
820;781
820;782
820;783
820;784
820;785
820;786
820;787
820;788
820;789
820;790
820;791
820;792
820;793
820;794
820;795
820;796
820;797
820;798
820;799
820;801
820;802
820;803
820;804
820;805
820;806
820;807
820;808
820;809
820;810
820;811
820;812
820;813
820;814
820;815
820;816
820;817
820;818
820;819
821;1244
821;1245
144;825
827;1246
828;1247
144;828
828;1248
828;1249
828;1250
828;1251
828;1252
828;446
828;1253
828;1254
828;1255
828;1256
828;1257
828;829
829;1258
829;446
829;1259
829;1253
829;1254
829;830
829;1260
830;446
830;1258
831;1258
831;829
831;1261
833;1247
144;833
833;1250
833;1262
833;1263
833;1248
833;1252
833;446
833;1264
833;1254
833;1259
833;1253
833;1265
833;1266
833;1257
833;1267
833;1260
833;1261
833;1249
833;1251
833;1255
834;831
834;833
834;828
834;829
834;830
838;440
838;568
838;1268
839;1269
839;1270
839;1271
839;1272
839;1273
839;1274
839;1275
839;1276
839;1277
839;1278
839;1279
839;1280
839;1281
839;1282
839;1283
839;1284
839;1285
839;1286
839;1287
839;1288
840;1289
844;1290
844;1291
844;1292
844;1293
844;1294
845;842
845;1295
845;1296
845;1297
845;1298
846;1299
846;1300
846;1301
846;1302
849;1303
849;1304
849;841
849;1305
849;1306
849;1307
849;1308
849;1309
849;568
444;849
849;1268
849;569
849;1310
849;1311
850;1312
852;853
853;854
853;1313
856;857
856;858
856;1313
886;524
886;525
886;526
886;143
886;528
886;529
886;530
886;531
886;141
886;142
886;532
886;1314
140;886
886;1315
886;1316
886;1317
886;1318
886;1319
886;1320
886;1321
886;144
887;596
887;1322
888;1323
890;1324
890;1325
890;1326
890;1327
890;1328
890;1329
890;1330
892;1331
892;1332
892;1333
892;1334
893;1335
893;1336
893;1337
893;1338
893;1339
893;1340
894;1341
894;1342
894;1343
894;1344
894;1345
894;1346
894;1347
894;1348
894;1349
894;1350
894;1351
894;1352
894;1353
894;1354
894;1355
894;1356
894;1357
894;1358
894;1359
894;1360
894;1361
138;894
144;895
895;1362
899;900
899;1363
900;901
900;1364
901;1365
902;903
902;1366
903;1367
903;1368
903;1369
903;1370
904;905
904;1371
905;906
905;1372
906;907
906;1373
907;1374
908;909
144;908
908;1375
908;1376
908;1377
908;1378
909;910
144;909
909;1379
909;1380
910;911
144;910
910;1381
910;1382
911;912
144;911
911;1383
912;913
144;912
912;1384
912;1385
912;1386
912;1387
912;1388
913;914
144;913
913;1389
913;1390
913;1391
144;914
914;1392
914;1393
914;1394
914;1395
914;1396
915;916
915;1397
916;1398
917;918
918;919
918;1399
919;1400
920;921
921;922
923;924
923;1401
924;1402
925;926
925;1403
926;927
926;1404
927;1405
928;1406
928;1407
929;1408
929;1409
929;1410
929;1407
929;928
933;1411
933;1412
933;1413
935;936
144;935
935;1414
935;1415
935;1416
936;937
144;936
936;1417
144;937
937;1418
937;1419
937;1420
938;939
144;938
938;1421
938;1422
938;1423
938;1424
938;1425
938;1426
938;1427
939;940
144;939
939;1428
939;1429
939;1430
939;1431
939;1432
939;1433
939;1434
939;1435
940;941
144;940
940;1436
940;1437
940;1438
940;1439
940;1440
940;1441
940;1442
940;1443
940;1444
144;941
941;1445
941;1446
941;1447
941;1448
942;943
144;942
942;1449
942;1450
943;944
144;943
943;1451
943;1452
943;1453
944;945
944;144
944;1454
138;944
144;945
945;1455
946;947
144;946
946;1456
946;1457
947;948
144;947
947;1458
947;1459
947;1460
947;1461
948;949
144;948
948;1462
948;1463
948;1464
949;950
144;949
949;1465
949;1466
949;1467
949;1468
144;950
950;1469
950;1470
950;1471
950;1472
964;1473
964;966
990;991
990;992
990;993
990;994
990;995
990;996
990;997
991;992
991;993
991;994
991;995
991;996
991;997
992;993
992;994
992;995
992;996
992;997
993;994
993;995
993;996
993;997
994;995
994;996
994;997
995;996
995;997
996;997
998;636
999;1474
999;1475
999;1476
999;1477
999;1478
999;1479
1004;699
423;1004
1005;745
1005;746
1005;747
1005;748
1005;749
1005;750
1007;676
1008;676
1009;676
1010;676
1011;676
1015;1480
1020;1481
1020;1482
1024;1483
1028;1484
1030;1485
1030;1486
1032;1487
1032;1488
1032;1489
1033;1490
1033;1491
1033;1492
1033;1493
1033;1494
1033;1495
1033;1496
1033;1497
1033;1498
1033;1499
1033;1500
1033;1501
1033;1502
1033;1503
1033;1504
1033;1505
1033;1506
1036;1507
1036;1508
1036;1509
1036;1510
1036;1511
1036;1512
1036;1513
1036;1514
1036;1515
37;1036
1036;1516
1037;1517
1037;1518
1037;1519
1042;1520
1042;1043
1042;1521
1042;1522
1042;1523
1042;1524
1042;1525
1042;1526
1042;1527
1042;1528
1042;1529
1042;719
1042;720
1042;721
1042;722
1042;723
1042;724
1042;725
1042;1530
1043;1531
1043;1521
1043;1522
1043;1523
1043;1524
1043;1525
1043;1526
1043;1527
1043;1528
1043;1529
1043;719
1043;720
1043;721
1043;722
1043;723
1043;724
1043;725
1043;1530
1049;1532
1049;1533
1049;1534
1049;1535
1049;1536
1049;1537
1051;713
1051;415
1051;714
1051;715
1051;416
1051;716
414;1051
1051;717
1051;718
1051;719
1051;720
1051;721
1051;722
1051;723
1051;724
1051;725
417;1053
1054;742
1054;738
418;1054
1054;743
1056;1538
1056;1539
1056;1540
1056;1541
1056;1542
1056;1543
1056;1544
1056;1545
1056;1546
1056;1547
1056;1548
1056;1549
1060;1550
1062;1551
1062;1552
1069;1553
1069;1554
1069;1555
1069;1556
1069;1557
1069;1558
1069;1559
1069;1560
1076;1561
1077;1562
396;1077
755;1082
1082;1563
1082;759
1084;755
1084;423
396;1084
1086;1564
1086;1565
1086;1566
1087;1088
1087;1089
1087;1090
1088;1089
1088;1090
1089;1090
820;1096
1096;819
1096;1567
1096;1568
1096;1569
1096;1570
1096;1571
1096;1097
1096;1572
1096;1573
1096;1574
820;1097
1097;1571
1097;1575
1097;1570
1097;1569
1097;1576
1097;1577
1097;1218
1097;1573
1097;1578
1097;1579
1097;1568
1097;1580
1097;1581
1109;1108
1111;1582
1111;1158
1111;1112
1112;1582
1112;1113
1113;1582
1113;1114
1114;1582
1114;1115
1115;1582
1115;1116
1116;1582
1116;1117
1117;1582
1117;1118
1118;1582
1118;1119
1119;1582
1119;1120
1120;1582
1120;1121
1121;1582
1121;1122
1122;1582
1122;1123
1123;1582
1123;1124
1124;1582
1124;1125
1125;1582
1125;1126
1126;1582
1126;1127
1127;1582
1127;1128
1128;1582
1128;1129
1129;1582
1129;1130
1130;1582
1130;1131
1131;1582
1131;1132
1132;1582
1132;1133
1133;1582
1133;1134
1134;1582
1134;1135
1135;1582
1135;1136
1136;1582
1136;1137
1137;1582
1137;1138
1138;1582
1138;1139
1139;1582
1139;1140
1140;1582
1140;1141
1141;1582
1141;1142
1142;1582
1142;1143
1143;1582
1143;1144
1144;1582
1144;1145
1145;1582
1145;1146
1146;1582
1146;1147
1147;1582
1147;1148
1148;1582
1148;1149
1149;1582
1149;1150
1150;1582
1150;1151
1151;1582
1151;1152
1152;1582
1152;1153
1153;1582
1153;1154
1154;1582
1154;1155
1155;1582
1155;1156
1156;1582
1156;1157
1157;1582
1157;1158
1158;1582
1206;1205
1206;1211
1206;1207
1207;1205
1207;1208
1208;1205
1208;1209
1209;1205
1209;1210
1210;1205
1210;1211
1211;1205
1217;1583
1218;1212
1218;1213
1218;1214
1223;1219
1223;1220
1224;1219
1224;1220
1234;1584
1241;1102
1241;1103
1242;1103
1242;1585
1246;1586
1247;1255
1247;1249
1249;1587
1249;1255
1251;1255
1251;1249
1254;1588
1254;1249
1254;1253
1255;1587
1257;1587
1257;1255
1257;1249
1260;1587
1260;1589
1260;1255
1260;1249
1265;1259
1266;1590
166;1268
1268;1295
1268;1591
1268;1592
1268;1593
1268;1594
1268;1595
1294;1293
1295;1596
1268;1296
1296;1597
1296;1598
1296;1599
1296;1600
1296;1601
1296;1602
1296;1603
1296;1604
1298;842
1295;1298
1298;1296
1298;1297
1300;1605
1308;1606
1308;1607
1308;1608
1309;1609
1309;1610
1309;1611
1309;1612
1309;1613
1312;1614
1312;1615
1312;1616
1312;1617
1313;1618
1313;1619
1313;1620
1313;1621
1313;1622
1313;1623
1313;1624
1313;1625
1313;1626
1314;523
1316;523
1317;1627
1318;1628
1318;523
1319;1629
1319;523
1320;1630
1321;1631
1324;1325
1324;1632
1324;1633
1324;1634
1324;1635
1325;1326
1325;1636
1326;1327
1326;1637
1326;1638
1327;1328
1327;1639
1328;1329
1328;1640
1329;1330
1329;1641
1329;1642
1329;1643
1330;1644
1330;1645
1330;1646
1331;1332
1331;1647
1331;1648
1332;1333
1332;1649
1332;1650
1333;1334
1333;1651
1333;1652
1333;1653
1334;1654
1334;1655
1334;1656
1335;1336
1335;1657
1336;1337
1336;1658
1337;1338
1337;1659
1338;1339
1338;1660
1338;1661
1339;1340
1339;1662
1339;1663
1339;1664
1339;1665
1339;1666
1340;1667
1340;1668
1340;1669
1341;1670
1341;1671
287;1354
1367;1368
1368;1369
1369;1370
1375;1376
144;1375
1376;1377
144;1376
1377;1378
144;1377
144;1378
1379;1380
144;1379
144;1380
1381;1382
144;1381
144;1382
144;1383
1384;1385
144;1384
1385;1386
144;1385
1386;1387
144;1386
1387;1388
144;1387
144;1388
1389;1390
144;1389
1390;1391
144;1390
144;1391
1392;1393
144;1392
1393;1394
144;1393
1394;1395
144;1394
1395;1396
144;1395
144;1396
1406;1672
1406;1673
1407;1674
1407;1675
1409;1407
1410;1676
1411;1677
1411;1678
1411;1679
1411;1680
1411;1681
1411;1682
1411;1683
1411;1684
1411;1685
1411;1686
1411;1687
1412;1688
1412;1689
1412;1690
1412;1691
1412;1692
1412;1693
1412;1694
1412;1695
1412;1696
1412;1697
1412;1698
1412;1699
1412;1700
1412;1701
1413;1702
1413;1703
1413;1704
1413;1705
1413;1706
1413;1707
1413;1708
1413;1709
1413;1710
1413;1711
1413;1712
1413;1713
1413;1714
1413;1715
1413;1716
1413;1717
1413;1718
1413;1719
1413;1720
1413;1721
1413;1722
1413;1723
1413;1724
1413;1725
1413;1726
1413;1727
1413;1728
1414;1415
144;1414
1415;1416
144;1415
144;1416
144;1417
1418;1419
144;1418
1419;1420
144;1419
144;1420
1421;1422
144;1421
1422;1423
144;1422
1423;1424
144;1423
1424;1425
144;1424
1425;1426
144;1425
1426;1427
144;1426
144;1427
1428;1429
144;1428
1429;1430
144;1429
1430;1431
144;1430
1431;1432
144;1431
1432;1433
144;1432
1433;1434
144;1433
1434;1435
144;1434
144;1435
1436;1437
144;1436
1437;1438
144;1437
1438;1439
144;1438
1439;1440
144;1439
1440;1441
144;1440
1441;1442
144;1441
1442;1443
144;1442
1443;1444
144;1443
144;1444
1445;1446
144;1445
1446;1447
144;1446
1447;1448
144;1447
144;1448
1449;1450
144;1449
144;1450
1451;1452
144;1451
1452;1453
144;1452
144;1453
144;1454
144;1455
1456;1457
144;1456
144;1457
1458;1459
144;1458
1459;1460
144;1459
1460;1461
144;1460
144;1461
1462;1463
144;1462
1463;1464
144;1463
144;1464
1465;1466
144;1465
1466;1467
144;1466
1467;1468
144;1467
144;1468
1469;1470
144;1469
1470;1471
144;1470
1471;1472
144;1471
144;1472
1477;1729
1477;1730
1477;1731
1478;1474
1478;1475
1478;1476
1478;1477
1479;1732
1479;1733
1479;1734
1479;1735
1479;1736
1488;1737
1488;1738
1488;1739
1488;1740
1488;1741
1488;1742
1488;1743
1488;1744
1488;1745
1488;1746
1488;1747
1488;1748
1488;1749
1488;1750
1489;1751
1489;1752
1489;1753
1489;1754
1489;1755
1489;1756
1489;1757
1489;1758
1489;1759
1489;1760
1489;1761
1489;1762
1489;1763
1489;1764
1489;1765
1489;1766
1489;1767
1490;1491
1490;1768
1490;1769
1490;1494
1490;1770
1490;1493
1490;1497
1490;1495
1490;1498
1490;1501
1490;1502
1490;1503
1490;1504
1490;1505
1490;1506
1491;1771
1491;1501
1491;1502
1491;1503
1491;1504
1491;1505
1491;1506
1492;1772
1492;1773
1492;1501
1492;1502
1492;1503
1492;1504
1492;1505
1492;1506
1493;1774
1493;1501
1493;1502
1493;1503
1493;1504
1493;1505
1493;1506
1494;1775
1494;1776
1494;1777
1494;1495
1494;1498
1494;1778
1494;1779
1494;1501
1494;1502
1494;1503
1494;1504
1494;1505
1494;1506
1495;1780
1495;1781
1495;1782
1495;1501
1495;1502
1495;1503
1495;1504
1495;1505
1495;1506
1496;1494
1496;1783
1496;1768
1496;1784
1496;1497
1496;1785
1496;1776
1496;1786
1496;1501
1496;1502
1496;1503
1496;1504
1496;1505
1496;1506
1497;1768
1497;1785
1497;1787
1497;1501
1497;1502
1497;1503
1497;1504
1497;1505
1497;1506
1498;1788
1498;1789
1498;1790
1498;1501
1498;1502
1498;1503
1498;1504
1498;1505
1498;1506
1500;1791
1501;1502
1501;1503
1501;1504
1501;1505
1501;1506
1502;1792
1502;1793
1502;1794
1502;1795
1502;1783
1502;1796
1502;1797
1502;1798
1502;1799
1502;1800
1502;1768
1502;1801
1502;1777
1502;1802
1502;1803
1502;1804
1502;1805
1502;1806
1502;1770
1502;1807
1502;1808
1502;1775
1502;1809
1502;1810
1502;1811
1502;1812
1502;1813
1502;1814
1502;1815
1502;1816
1502;1817
1502;1818
1502;1819
1502;1820
1502;1788
1502;1821
1502;1784
1502;1773
1502;1822
1502;1823
1502;1824
1502;1503
1502;1504
1502;1505
1502;1506
1503;1769
1503;1825
1503;1778
1503;1826
1503;1827
1503;1828
1503;1829
1503;1830
1503;1831
1503;1832
1503;1833
1503;1834
1503;1835
1503;1836
1503;1504
1503;1505
1503;1506
1504;1837
1504;1793
1504;1838
1504;1806
1504;1805
1504;1839
1504;1820
1504;1819
1504;1840
1504;1800
1504;1792
1504;1841
1504;1818
1504;1817
1504;1842
1504;1784
1504;1843
1504;1844
1504;1845
1504;1846
1504;1814
1504;1813
1504;1847
1504;1815
1504;1810
1504;1848
1504;1799
1504;1798
1504;1849
1504;1821
1504;1809
1504;1850
1504;1797
1504;1796
1504;1851
1504;1852
1504;1853
1504;1823
1504;1795
1504;1854
1504;1855
1504;1772
1504;1801
1504;1856
1504;1804
1504;1803
1504;1857
1504;1794
1504;1771
1504;1785
1504;1768
1504;1858
1504;1822
1504;1773
1504;1786
1504;1783
1504;1776
1504;1777
1504;1775
1504;1781
1504;1859
1504;1780
1504;1860
1504;1808
1504;1861
1504;1807
1504;1770
1504;1862
1504;1802
1504;1816
1504;1863
1504;1812
1504;1811
1504;1774
1504;1789
1504;1824
1504;1788
1504;1505
1504;1506
1505;1778
1505;1828
1505;1836
1505;1835
1505;1831
1505;1825
1505;1826
1505;1832
1505;1829
1505;1827
1505;1769
1505;1830
1505;1834
1505;1833
1505;1506
1506;1778
1506;1831
1506;1832
1506;1825
1506;1769
1506;1834
1506;1828
1506;1829
1506;1833
1506;1836
1506;1826
1506;1827
1506;1830
1506;1835
1514;1864
1514;1865
1514;1866
1514;1867
1514;1868
1514;1869
1514;1870
1514;1871
1514;1872
1514;1873
1514;1874
1514;1875
1515;1872
1517;1518
1517;1519
1518;1519
1518;1876
1518;1877
1518;1878
1518;1879
1518;1880
1518;1881
1518;1882
1518;1883
1518;1884
1518;1885
1518;1886
1518;1887
1518;1888
1518;1889
1518;1890
1518;1891
1518;1892
1518;1893
1518;1894
1518;1895
1518;1896
1519;1897
1531;1898
1531;1899
1531;1900
1531;1901
1531;1902
1531;1903
1531;1904
1531;1905
1531;1906
1531;1907
1531;1908
1531;1909
1531;1910
1531;1911
1531;1912
1531;1913
1531;1914
1531;1915
1531;1916
1531;1917
1531;1918
1531;1919
1531;1920
1531;1921
1531;1922
1531;1923
1531;1924
1532;1925
1532;1926
1532;1927
1532;1928
1532;1929
1532;1930
1532;1931
1532;1932
1533;1532
1533;1534
1533;1535
1533;1536
1533;1537
1534;1532
1534;1535
1534;1536
1534;1537
1535;1532
1535;1536
1535;1537
1536;1532
1536;1537
1537;1532
1538;423
1538;745
1538;1540
396;1538
1539;1543
1541;1933
1538;1543
1543;1546
1544;1934
1538;1545
1545;1543
1545;1549
1546;1539
1548;1935
1538;1549
1549;1546
1552;1936
1085;1564
1565;1937
1565;1938
1565;1939
1565;1940
1566;1941
820;1568
1568;1571
1568;1575
1568;1570
1568;1569
1568;781
1568;1942
1568;782
1568;1943
1568;1944
1568;1573
1568;1945
1568;1218
1568;1946
1568;792
1568;812
1568;819
1568;1580
820;1569
1569;1571
1569;1575
1569;1570
820;1570
1570;1571
1570;1575
1570;1947
1570;1573
1570;1572
1570;1948
1570;1949
1570;1950
1570;1576
1570;1581
820;1571
1571;1575
1571;1951
1571;1572
1571;1952
1571;1953
1571;1573
1571;1954
1571;1578
1571;1955
1571;1576
1571;1948
1571;1579
1571;1956
1571;1950
1571;1944
1571;1957
1571;1581
1571;1958
1571;1577
1571;1959
1571;1960
1571;1949
1571;1947
1571;1961
1571;1580
1571;1942
1571;1946
820;1572
1572;1575
1572;1569
1572;1573
1572;1577
1572;1953
1572;1962
820;1573
1573;1575
1573;1569
1573;1963
1573;1964
1573;1960
1573;1965
1573;1966
1573;1959
1573;1056
1573;1962
1573;1953
1573;1578
1573;1944
1573;1958
1573;1967
1573;1950
1573;775
1573;1955
1573;1957
1573;1968
1573;1948
1573;1581
1573;1576
1573;1579
1573;1954
1573;1580
820;1575
1575;1096
820;1576
1576;1575
1576;1569
1576;1096
820;1577
1577;1575
1577;1570
1577;1569
1577;1096
1577;1573
820;1578
1578;1575
1578;1570
1578;1569
1578;1096
1578;1953
1578;1580
1578;1942
820;1579
1579;1575
1579;1570
1579;1569
1579;1096
820;1580
1580;1575
1580;1570
1580;1569
1580;1096
820;1581
1581;1575
1581;1569
1581;1096
1581;1956
1581;796
1588;1248
1588;1250
1588;1256
829;1588
1588;834
1591;1295
1591;1969
1591;1970
1591;1971
1591;1972
1591;1973
1591;1974
1592;1975
1593;1610
1593;1976
1593;1977
1593;1592
1594;849
1594;1978
1594;1979
1594;1980
1594;1981
1594;1982
1594;1983
1594;1984
1594;1985
1594;1986
1594;1987
1594;1988
1268;1596
1597;1989
1597;1990
1597;1991
1597;1992
1597;1993
1597;1994
1598;1995
1600;1601
1601;1602
1602;1603
1603;1604
1606;1996
1606;1997
1606;1998
1606;1999
1606;2000
1606;2001
1606;1607